-- phpMyAdmin SQL Dump
-- version 4.5.1
-- http://www.phpmyadmin.net
--
-- Host: 127.0.0.1
-- Generation Time: Apr 29, 2018 at 08:42 AM
-- Server version: 10.1.13-MariaDB
-- PHP Version: 5.6.23

SET SQL_MODE = "NO_AUTO_VALUE_ON_ZERO";
SET time_zone = "+00:00";


/*!40101 SET @OLD_CHARACTER_SET_CLIENT=@@CHARACTER_SET_CLIENT */;
/*!40101 SET @OLD_CHARACTER_SET_RESULTS=@@CHARACTER_SET_RESULTS */;
/*!40101 SET @OLD_COLLATION_CONNECTION=@@COLLATION_CONNECTION */;
/*!40101 SET NAMES utf8mb4 */;

--
-- Database: `kiitquestionbank`
--

-- --------------------------------------------------------

--
-- Table structure for table `academic_degree`
--

CREATE TABLE `academic_degree` (
  `ad_id` int(2) NOT NULL,
  `ad_name` varchar(50) NOT NULL,
  `school_id` int(11) DEFAULT NULL,
  `ad_desc` varchar(50) DEFAULT NULL,
  `comments` varchar(50) DEFAULT NULL,
  `injected_date` timestamp NULL DEFAULT CURRENT_TIMESTAMP
) ENGINE=InnoDB DEFAULT CHARSET=latin1;

--
-- Dumping data for table `academic_degree`
--

INSERT INTO `academic_degree` (`ad_id`, `ad_name`, `school_id`, `ad_desc`, `comments`, `injected_date`) VALUES
(1, 'B.Tech', 3, 'Engineering course', NULL, '2018-02-25 12:40:00'),
(2, 'BBA', 1, 'Business Administration', NULL, '2018-02-25 12:40:08'),
(12, 'B.A.LLB', 3, 'Law course', NULL, '2018-04-06 02:43:28');

-- --------------------------------------------------------

--
-- Table structure for table `feedback`
--

CREATE TABLE `feedback` (
  `id` int(11) NOT NULL,
  `name` varchar(50) NOT NULL,
  `email` varchar(100) NOT NULL,
  `feedback` text NOT NULL
) ENGINE=InnoDB DEFAULT CHARSET=latin1;

--
-- Dumping data for table `feedback`
--

INSERT INTO `feedback` (`id`, `name`, `email`, `feedback`) VALUES
(1, 'Ashok Bishnoi', 'kingjorden99@gmail.com', 'This is my feedback for admin'),
(2, 'ramesh', 'ramesh@mail.com', 'This is my message');

-- --------------------------------------------------------

--
-- Table structure for table `questionbank`
--

CREATE TABLE `questionbank` (
  `q_id` int(5) NOT NULL,
  `school_id` int(4) DEFAULT NULL,
  `intermediate_year` enum('1st','2nd','3rd','4th','5th','6th') NOT NULL,
  `sub_id` int(5) DEFAULT NULL,
  `ad_id` int(2) DEFAULT NULL,
  `question_desc` varchar(50) DEFAULT NULL,
  `question_file` mediumblob NOT NULL,
  `q_mime` varchar(100) DEFAULT NULL,
  `answer_desc` varchar(50) DEFAULT NULL,
  `answer_file` mediumblob,
  `a_mime` varchar(100) DEFAULT NULL,
  `qt_id` int(1) DEFAULT NULL,
  `q_year` int(4) DEFAULT NULL,
  `question_file_name` text,
  `answer_file_name` text,
  `user_name` varchar(50) NOT NULL,
  `injected_date` timestamp NULL DEFAULT CURRENT_TIMESTAMP
) ENGINE=InnoDB DEFAULT CHARSET=latin1;

--
-- Dumping data for table `questionbank`
--

INSERT INTO `questionbank` (`q_id`, `school_id`, `intermediate_year`, `sub_id`, `ad_id`, `question_desc`, `question_file`, `q_mime`, `answer_desc`, `answer_file`, `a_mime`, `qt_id`, `q_year`, `question_file_name`, `answer_file_name`, `user_name`, `injected_date`) VALUES
(14, 1, '1st', 1, 2, '', 0x89504e470d0a1a0a0000000d494844520000030d000001870806000000f255be77000000017352474200aece1ce90000000467414d410000b18f0bfc6105000000097048597300000ec300000ec301c76fa8640000fc5b49444154785eec9d09744ec7fbc7df2c6f121184d82396a8a82d422c45a4897d298a2a2dd512d45ed4562a6855abb4762594d62e08b51f641109b11c2211cbb1849cec27dbc97292fcdff73ddfffccbdf7dd1789e5d7d0e773ce1c32efdcb973e7ce9dfb7c679e992b0341100441100441108405483410044110044110046111120d04411004411004415884440341100441100441101621d140100441100441108445483410044110044110046111120d04411004411004415884440341100441100441101621d140100441100441108445483410044110044110046111120d04411004411004415884440341100441100441101621d140100441100441108445483410044110044110046111120d04411004411004415884440341100441100441101621d140100441100441108445483410044110044110046111120d04411004411004415884440341100441100441101621d140100441100441108445483410044110044110046111120d04411004411004415884440341100441100441101621d140100441100441108445483410044110044110046111120d04411004411004415884440341100441100441101621d140100441100441108445483410044110044110046111120d04411004411004415884440341100441100441101621d1401004411004411084452a8e6828ba81456d2a432e97eb053b87ca70aedd186dfc4662fe8eabc85448e95f16650e6e1d3d827b45d2df0441bc790a1fe0d07743d1ded509b65676706ee88d61dfedc39d5c9594a07ce49e1a817a7695d06c6a240aa4b8ff35aabc3bf87beec7f06e580d72990cd6956ae37dff00fc1e9e0ec36e4a9975051b037cd1d4590e99953d5c3cfc3161e3156429a50466c88f5e8016f6b5f1f9b93c294697123c3ff50346766e8c6a721964b655d1b0e3a758762291fd4210044110af978a231a0a6330cb8dbdf86472b87b7746e7ce3c7442476f4f78b85661f1fc37195cfafe8edb2f6b2528d37078441dc8ecfb20245b8a2308e2cd527807bffa3a0acfafbc696f8c9d310b138678c2891bda2dbfc185cc1758ce26c83ed60ff6ecf89a5f86215f8afb9f921f8325ed6d856baad7ed33cc5cb80873beea8526b6bc9f72c3b863a9d05c154bfb7d3b9ed6012d064fc1fc799330d083890799355a2f8c429e19dd54743f08436bf1fcaa61c4d95c29568d1229873f475d767e999d070604ccc69c4943d0aa124f5f0bc3f73e37122e04411004f12a5440d1d0057b32a4380d4ae4dcdc8a31eefc7719dc265d40f6cb0c502a1ee3774ffe9225d14010ff1b4af1687d67d8b2e7b66adf4d882f94a2597ce2be4f5193c5bb4e0a87a971744bfcbba24181271b3bc3869dbfd1d40bc8d2e98b0aae2f859735eb631acfc1356136b3140f7eeb006b96b6e592ebda5991821b58e6650d99553bfc9260382f50844747e6e00327b1bf33291a8a6f637133f69b95177e8cd54e9b96dc5b8bae7cd6c1753aa235754d10044110afce5b221a444aeeaf87af034b63dd01eb1e954ab16a94c87f7a1d17fe09c6fefd877132320119baef625531b293af62790b76bcdc0f3befa52035ab187adaa3241df1e12770f8d0519c8d798a82f20f8012c47f8412e4a6a72225350b459604bc32115b3af0e7ba3996c71b18c7250958f13efbadea709cca91e2ca8825d1a0cc7f8aeb17fe41f0fefd387c3212097a1d014789a2ac54a466e40ba3f18a9cfb883c7918c1c7c310975e06c71e553af6fadab06b6a899fef1bf443aa646cefc8afb71d363e651d48c95dace07d8e5d0fec4bd3afa8ac634384d996664b62512cc5a1e401b60d6bc88e67c7b8f8624cffdaecff264443f651f4e6e2c06329e2748bccea7b537b7efe8ed891f232232b04411004619ab74a340079b8f8654de185eabde9a934fdae42415c10be6a574d7cd1ea866a1d31f3788a982eeb107cf908a0eeef1fec46ba904721127606c04b33b22706eb4683b032324beb6640108448ee598ca8c69f930ed89e6cc1382d8ac1ec862c1d1306670c3d6c908363fdec591eee5878536336970953a241551087a0afdaa19ace332c866ae838f33852d4fe3aca67d8cc0d6bb74908fa69301ae8a5ad0e9f45a1b0ec31a54251fa63dcb91e870c431fa0d2fbf8b925cfa723b63d679964ec873f77596ab50a0f0cf485327113dab3735a75d9058d7d9f1f8189efb9c1776a10ae6515e0d6a2a642f98d44436114a6d467f9561e80fda93a85cd39872f6bb3f86ac371daa8be09822008e2e579cb440390beef43c12dc079e439d1a5213f12d3b951226b80e1ab421075e71e126e8662cfe23ea8c58d80dae311c6ad0a451a624eedc0c4462cceaa1d961c3c8133575350ca2445f2c111829b84acf130ac38720577efc72274e76cf8546571f6ddb0c6c87d8020fee330e3765a9b3aa8d968300e188ca0eb511287a51eec3992f7c001c3e75a9984a04eec3766147f62ac282c622c1af211395d1ca16f307c1542a2eee05ec24d84ee598c3ec2ba80da182f74040cb568e0cfbc8d1b062cd886900ba138be792a3a0a6b021a62d6d597f1ed5121276c8a2842dafc84bbacdb28895f0e0ff6b75defa330f288cc3981418e2c6de379b8a1f630529520bf482d028a71db9c68603dd7e31d83e1c2f276681f80df0f9dc1b9903f30cbd799a57784efaf71a0bd1e08822088d7c95b271af2ce8d84337b515a773f804cf67761cc7c785591a3c1a4087d370555327676b566f9b5c6ea87d270a0a9350d45d7f06d631667ef873f9ee80f1be6864f862b3b97f3a7278d5ff8044194813c5c1ccb6707e5e8f2db3dbd5d7d8ae37f86b730fb678f7ec7caf784198906d67fccf7aa0279834988d0ef0890bcb3abb0a6a0f5ea87e2aca34634c8e1b3e5893463c951e0d16f6d59bc0cad7eb9cfccf2f251fa740f3eadc3f375c3a4f35982eb63e1d5998288a836e22c8c6451de458ca9c1d2d79d8448939b3b58120d0c452a4ecf6e073b96bf76a64486f7028e20a9bc85270882208817f0d68a062b1f51349844918767378e60415b2e1a3cb04cedf46b423494c42d154602e57e7b905c528ad2529d901d8af17caabfce045cfab7f6752488b79c9284d5e86ac79fed1af09dfa1bf61e3b867d6ba7e3c39ad6a8e4c2771572c447ff946f5143d916422b90f7ec068e2c682b88068f6571a268d18886b658673850706638aab2b4ee0b6f6ad7199481e2877fe133a1ffaa8a9ebfc5423d4f51183d5d1c781875de78b1777e28beacc98ea9350ee1262fc282682879886d834457cd261f7f8f1dff5c44e8c95d583ac2439889ad316033ee97cfe38b200882202cf296890615d276fb080680ee4b58957b07877e9a8c61fedef0707516f64cd78ebc7960a905d1a01621daf42682ad1f0e6589e90982282f4aa45f0c44afbabacf551578056cc7f1c51eecff35f195da75a88c98140daa5cdc39f413260ff387b7872b9cf94261cdf99868586a201aac7d8d9eebbc0b9fa33a4bdb78de8d32baf7289179e907f83bf373d4c247eb6351a0e3ad557c7b119ab2fc1c079d80912cca3d8de1dc05d2ed1b98f68632271a54c83c36541037d506ef4592aeee5166e0c49775d8310ee8f577b2144910044110afce5b261a72716e740d96c60a1db7240a0b9415c9873156388ebd981b7742bf9113f1ed0f9b70202c06bbfb38b078cba221f7ec0861e1a463d799f879cd1aac3115361cc6431ab523885743918307516771e27404eea4f2072a17a7875765cf682bac325c25ac83223f0dcf520b05771f35d9217d05d1506b9c241a14c9383cd64de807648e8dd1a9df484cfcf6076c3a108698dd7de0c0e28d44838d1f825f493414e3e15f63d0849fd3a625be3e9c68e4d2a44ade814efcf70e41483258faa14afd0b5dacd86f5eeb6130e121614e3414227aba2b8b77c2c7278c67680aa3a60ab31b55879f916208822008e2d579ab448322713b7af02d576dbbe28f44fe962dc2cd054d0443c1635e2472745fcaaa64ec1016593643e01df3a2a13876099ab1e3e51ffe8d5483973a94b97870fd26ee25e7e9f83d1304517694c88a3d8b437b8f23def02b660597c51d80ea99f3e9678fecc335f064cf67a581c7f546ea33f6f9c08ac53798794570052abab94034de3de62152bf2340f28e4e421fd12cf0ce6b140dc578b06db0b881428dbef8f55aae9ea8d1507815331bb03435c722d46032a520220075d8f1750222cc7cd5dabc68b8fa0d17484e18624a345cfd066e2c5f120d044110c4ebe4ad110d2549a7b1b023df9e91190a5f8722577843e7e2e490ca2cce1923cfe97b0c973edc001fc18f5a673b47c5536cf06271b6fe5a6341bd25a4ac0d96ddd2f5115021fba2b8105ad666256803258278194a10bfbc397bbe1cd1776f8acef6c50a3cddd11795d9f3d5e4db6be60df4ccc3e863cf9ec17a1311a679c473707e1cff7e81153ed89e24e4997b7288909766573535a50fb1c1c78ea5d559a7f01a4443dee56f85b55032978fb1dde23464012227d767e777c6b0609daf442bd3113292cf9ad6c6f850a3d50e12e6d734649f182ecc90561db41749da4a65dd562ec2855da46ce113f44c8a240882208857a7028a86caf0ea3d1003078a6140df1ee8eae90647fe8266a18aef0a5cd38c582af0786317e16bb372cf29d811761b0977a27162cb6cf4147631e1a10e2668563167e2a0bf9cc5d9c373e44c7cb7211ad92a25528247a1364f5bad2ba6ac3b828b972e2078ed4474e0db21ca5c31fe54a6e9514482f8af92771e63eab1e7a35277ec7ac147c44a1f6f811f9f2174ea8ca99b8f2134fc14762e1e248c86cbdc02702a43d7ea3540958ec343c56fb054eb3806f3970562d6279ea8c48f75ec8d9dcfc43940c5e38de8c2bf8720f7c4941d61b89d7007d127b660764feedfcfe259a833e19238a2ffaaa2a1f43e567b5b0979ca3dfc3040eaabf4c2d0e93890283a2b953e09421ffe0d18791b8c5f1b82d0b063583fa19de05ee5d86b2b1e9bf5ccb2b4103a01bffb72f74b2b3419f21d82fe0947e48543581de02df495562de723da9c16210882208897a0028a0613c1de05ee1d0763fafa8b48321cf12f7e805d5fb6145ec09af4b60dd17b5e306276f7158c8be6cbe3a4c44a649efb069ec20c040bae5311254c2e14e3d18199f0e546906e3eb5bb61c68147e2e82441105acafa71370125d2ce2f414fee8aa4f37cd5f39f8b90c4174fe129d3cf63b11f9f59d01e6bd3a017169f4dd3711b2cc6835d5fa2259f95d0a4b345c3def3101cb31b7df9f7179a2f17bf9efc8aa241b34ec162780fdfc7aa7b0e15b2a357614813be5394fa772bb80df811972c7e45ce826860a872af63e3175ec282686dbe766836f8075c4823874a822008e2f5527144c32ba142715a02ae8687e2d2b5fbc878811da22acec493fb0f909855ac3f83a02a466a420c2242c3111d978c024bef738220ca87b200cf632f23342c0a77920a745c95ca82127989b7101976093109292832a35354c56948b81a8ed04bd770ff451dc1ff1a551152e2af203cec3262cb7dfde651e627e2765418c2226fe051367da0812008827833bc23a28120088220088220883705890682200882200882202c42a28120088220088220088b90682008822008822008c222241a0882200882200882b008890682200882200882202c42a28120088220088220088b90682008822008822008c222241a0882200882200882b008890682200882200882202c42a28120088220088220088b90682008822008822008c222241a0882200882200882b008890682200882200882202c42a28120088220088220088b5458d150786536de779443eee485c0dbc552ec7f00650e6e1d3d827b45d2df66288c998796ac7eeceb0fc1ae4485146b40ce710ca92547950ebf20a1448afb9fa144e2565f38cb6b62f0f16c298ef84fa3ccc2958d01f06dea0cb9cc0af62e1ef09fb01157b29452022dcaac2bd818e08ba6ce72c8acece1e2e18f091bafc044d272a45522ebca4604f83665ed52062b7b1778f84fc0c62b59ec1743ca91b6ccd7a542c1ddbd983bc813f51cad21b3ad0257af4198b5e33a7274922a930fe22b1f6f787b9b0f1dfb2cc29502e900034a1e6c44efda76a8deef288c9ebc82282cecddd1649ede3e010849d32d48d9ef971ef9d158d0c21eb53f3f873c294a9792e7a7f0c3c8ce685c8ddd2f992daa36ec884f979d40a2893eaaec690bf1e0d07718dade154eb656b0736e08ef61df61df9d5c56eb0694e3ba0aa216a277471375c5824f400874ab8b2008e25da7828a865c9c1fe3c25e12ecc52a93a14e4098c997cf3b87320d8747d481ccbe0f425e606717464f832bab1b5e3f4efdff8449dd907518feb62c8dc752c4fdcf4583024fd6b565e5b3815f70961447fc77c947ccf7ed60cbdaab438bc198327f1e260df460469b0cd6ad17222a4fc7b4cb8fc1f7ed6c59db71408bc153307fde240cf4e046a3355a2f8c826ed2f2a4cd8ff91eedf8f3e0d00283a7ccc7bc4903e1c10481ccba351646e5e91997654f5bf6eb2a8afb15dd2bb13c64b5d175d474cc9f3b11039a49655da02dabe2c9167c58c3010e0ec6c1de9a1fcf429d004498120dc571f8b913cf93a5e97600864f5e49fc7234e7bfc9e4b037ccdfa507fe7caeb682cb71bf7429ba8fa0a1b584f3571b7196f5e4fa28530ee3f3bafcfc76f0181080d973266148ab4a42fa5ac3f7e2b94e3f56f6b485b8f3ab2f1c59bc4cde14bdc7cec0ac0943e0e9c4feb66e896f2e64ea08bdf25c5709e2973717ce2793dbebd7150b2e3dfe84a6ba088220fe035448d1a0ca388a215564b06a3f1f33de671d7695c1389c6ee625f52ea1788cdf3dd9f5da954f34c8644ee8f7e75366a61b40a281a820943ef80d1db8c1db7209ae6b8cdd02dc58e6056b9915dafd92c04c344e291efcd681c5c9d072c9759642a2e0069679594366d50ebf68a6cdca91b6f4017eebc007215a6289b6002ce93278b17259b5d3998d2b47da325f9732097ff5746079d6c3b853191a235695771973dcd9f1365df087b9194335c5f158e363cff2688489a7d24dcc8e14e246605ba13e847ec18468c83ad207f6ecb70e5b9f99385e4bd9ef9796a2474730e70327f1dc2c188b8662dc5edc8cfd6605af1f63a1994c2db987b55db9d071c5f4e84229b2ec694b1fad4767decf55ed8b4df1eae3597ce23e7c5a93c5bb4e42b834ea54beebcac2913ebcbe3b60eb3352070441101550342891fc973fecd84ba7edeabb88fba50debb46dd1ed8f4463a3588792f478449e3e824347cfe2dad302e329698112a4c747e2f49143387af61a9e16984ea52a4cc2ad8bc7117c2804e7ae25c23899128599a94849cb4189c16faa921ca4a5a422b3507ac9288b90959a8a8c7c5e7a0572ee47e2e4e1601c0f8b43baee5b57558cece4ab58de82bdd0e47ed8792f05a959c566ae432b1aec5afaa2317f493bf5c58ea70635644234280b33919a92861ce38223278d9d33b350634c288bb2909a9a81029e6d6906e2428fe350f049443fd1a95f167f27f418828f9cc1b567853ae5d5170daaa2245c3f7b14c1c7437147efc20de1f7281c270ef37b14c3ee91e1cb5aacfbd4cc022894f97814711cc72fc6ead725f13fa204b9e9ec3948cd4291b9862a5082bb2b5ab0b660871efbd2f4db74d6310ce123c2cd9620967b2196dcc50afe0cd8f5c0be34fd4cb38e0d81136bebcd96c4329392518eb4257757a0057f5e7aec837ed22c1c1bc20ddd66582214a03c69cb715d85d710d8bb391a77f941fc5b43012e7f5d8fe55103632ee64b71a628c0d5852d593a269016eb08241df2a2e609b308cdc60488b30946a2a108d7e736627934c08c2b5ae3da98725c9740091e6c1b8686fc9c3217f88ee98fdaecffc6a2211b477b7383df034bf546319448dcd45eb8b68e3b52a4f395352dfb7b4b07e1efe6cbe35949742941c28af7d96f5531fc548ef077b9aeabe83ae63662710d66c06275110441fc47a878a241f1181b3af251be76f8ed6129148fd6c1db8a75dc2d969b1c2d57e55ec786d19ea82abcb0d4418e662337235663edab907b7d03467b56d549c382bc19466e8ed58a026516a2560f87879d4e1a16ac1b0ec40f61dad141943ec4ead6ec37870138cedf453ae4fc331095d831ad563d4029fb5bf96c33dab3bfdd2605e1a7c10df4f29555f7c1a25069ea3ceb107cf90898eeef1fec463affcd046ad150ed9310842d6e25a477eabb1d7abac1483494e2e1ead62cad030618171c03b9eb44ab5578c00bce4af56c337f3937c294ad81e85347a75cb26af0fdf12a92aeacc2807abaf1cef0ffe93a44d3472d1aace0357b06ba3beba6ab864e338ee099701e2d85093b11e0a51da9148275230c5a19a9f54f573cc1bab62cde7d2a567fd54493aefac83330b822e24d937b1623aaf1faef80edc97a26980119d8efcf5d885a6195d8b8b42813b1a93dcbc3aa0b76a5b03c32f68b6d56d30eb528133709cf9255975de049cb933663bfbfe092a27e2eb5a88d502b74d99522c4943d6d39aecb1c8a446cf3e1c6f1fb581e6fa2839328bef323bc783fe83e0b974df86aaa724231ad09ebabda2cc1d504b1cf31120daa54fced63c344566f04679422f7791ca22f5d417c4a91be015deeebca47c4c4f7e0e63b1541d7b250706b119ab2f31b8b8642444da9cff2ad8c01fb53b5fd297b72cf7d599bc557c3f0d3ea23ca9ab60831b31bb2bf993038a37f364eceb17ec2cc8afbc29becaff25d972af56ff8d830f1d83b1819a5b9781e178d4b57e291625921130441bcb35438d15072f747b4649dbc6dd7ad48e46f0ae573ecf015a7a3a745198cafb117eeae01a210701ff1338eb20efd6ecc31ac1c2a1ae7ae5f87092f2d45e22e0ca8ca5e0832778cf8f928aec4df45ccb19518da80c7b9e2eb309eaa18f1bf7c20fab6361b895f8e44e14e5c0c4eac1b0f4f2e226cda21f08674fe97100dbc3c366e03b0605b082e841ec7e6a91d8574b286b370958f6229d210736a0726f2912dab765872f004ce5c4d31305ab46844037f31175ec7e256fc1c4ee8b35dc74de9b588069eaf0d9a7ef203f69e8dc0b9bfe6a0b3e097ed84da8e55d02e602d8e8446e0d41f93d14ea8a7aed82ab859a845034f2b43ed7e81d81f7113d7cefc81afdbf1297f2bb409bca5713b50241fc408ee4a206b8c612b8ee0caddfb880ddd89d93efcfedaa3db1ac96d402d1a98309459bbc27fdc3798fec52798732ecbc0f021de38f91198d6a60e6a361a8c030623fd7a94c463b907bb67cc583d6ae476978313831c85fb3eef4691e073efc1da8b5d6f138b78734e609023cba7f13cb0a4e548cb7dd33dd839ecd0dbb8002ce920c11fbef1bc1becaf72a42dc775e9a34249f673dcbd7c103f8e6c2e0894faa30f23456b19eba3788a6dfedcb5a916c69e36d1ce5599381de00a99ad377e8c2dd2f63986a2a1201293f81a81ca6de1efe9ccf263ff1782351af45d82b3a952cf51eeeb62d793cfce2bfd557cdb9c68603dd0e31d18ecc2f276688f80df0fe1ccb910fc31cb17ce2cbda3efaf88d3a9aab2a52d41dc527ebfe4e8712043384e8b1249419d846bacf6c999725f5741e424d465c7566eeb0f4fdd410feb06e8bbe42cd4d5451004f15fa18289063e7dde9875cc0ee8bd37557a39aa9076a0bff0a2761e7102593a6fcca26b73d088c5cb7d36e1b1ae755d1085195c10b87c86b3b945b836874fc9cbe1b3e9b19e115e1035030dd8f12e9f9d457666083eaec28ea9f211f624e9be0d54c8383956986eb7eff91792f89bf1654483dc075b9ee8e4ab7884df04e3b7157eb92f95ea25d634a85fcc85d7bf476b7e9eca7db0fd8994df6b120db61facc7234dc515e2ea376e42bcd3c0fd48d5183a05b83c998f0c3a63e4393e14aa150d361d57ebeddea4ca3c89315c20387f8213c275b27bf42dbfeff6f0fbe38956f47072c331d995a7fd1427795a8d68b041e7f58fcc8a2aa20251781533f9f3586d047b1ea5380d79b838a606bb9f753129b280259d293c93a60c4ee45dc4981a2c9fba93c09296232d6bb333f94042358c302e004b3a0635583e752745b2bfca91b61cd7a5872a19db3bf2362c062b8f001c7ca2e7b3a4477ee414e159d77f0ed528917af433d462fddb07bfde155cb1cc890665e266784be76cd877065605edc65f5b9623a02b2f278b7f7fae388bf1b2d725614934f07e21f5f46c7180412a8b10de0bc09124c38b2b5bdabc8b635193c5cbbbfc867bba9335c5f1f8d99bcf5ab3bebbdfb1725e9712899bbda5733644df19ab10b4fb2f6c591e80aebc5db1f8f7e75efe6f6cd04110042151b144437e0426f291b02a1f232453471d649fc4083ed263e78f5d82d5ce29c5fd9fb98faf2d3edc63e09fcafe2acacc429160e0dfc7cf2dd9b1b61f628fe168a8aa089959e20859fec52fe0c25e04cea34c6c1358740d731ab23c2a0d108df997110d6dd7415733f01da2ce0ce7a3e8ee58785332185e41347063e7fa122e0864a8dc2708826e784da2a1f5afba6e1adc45a39d10df617bb24ebdb3fbf10bbf1feabcd5a2c116be7fab05a09a7c847d5593fd561b017c0b9892382ce52380723fec492e416969a94ec846e878ee8e5007132eb1b41ad1d01abf1aba18101593c2684c1784df289c377ab8f211fa256f0bb5302e3c9f259d2eb46be751e78d9fc3fc507cc9c566ad716049cb91b610d1d35dd9399c31cab8002ce99782d1596b5c38fbab1c69cb715d7a28b371fbc4519c3879185b177f0c77ee7654a90b7e54cf64eaa24ac3c18195593ed531f2a4f12c83e2f95e0c657da383df063c900c6673a24191741abf7c1380c9ab2f235b37a3d2c7d8d69b9fc3165dff780ac5cb5e978479d1508287db0609f5276bf231bedff10f2e869ec4aea523e061c3e26a0cc0e6fb6af1548eb4250958ddd58e9549861abe53f1dbde6338b66f2da67f5813d6955c84991cc78ffe29e7fd5220e9f42ff8266032565fced6abf7d2c7dbd0bb32cbc7b62bfe305c47461004f10e53a14443f6a94f85a96799bc11da77ea8cce9dd5a13d9af0ed0ed96f5eabee4b066c3ec2256352303ccd911f8ef1b5d9b1e6b62894c8d8db0d562cff162befe918c86ad2b1bb0b3f7f5bace396ff4b88066bdf43068b12f370e1f3ea2c4f9d69fe57120d8cc21b58c2cb25ab8cde414f50fa5a4483157cf6670a4944d4f186bb2219e6ad160d7531911bfb7a7081c1d761d8e0c3832c8fbc7318a9b7e6c154b085df2196562d1a6cfcc0ff24de028a6f63515376cf1c07e18441b3e3e2f9b4209eddf0cdd5428dc1e938e8048c939ec670ee66e8f68de0d257f6b4c5b8bda8293b872306191780251d2eac8972fbe62afbab1c69cb715de65122e5e030a1df93fb6c87e1263dcae77fc297f77daed3a0d958484de9136cefeb0499531f04a9671719e6448325f22e8c1666501cfa1f43ce2b5e9739d1a0ca3c86a1fc9e541b8cbd7ab3b94a649cf81275f8f97bfd8d645607e5492bc4a65f4460afbaac5cec182954f10ac0f6e38b0517b69a5f85bda6fbc5617df7683e2be180fec78cdb084110c4bb4ac5110daa341ce8cf7d4a65a8d1c403cd9b37d70fefd5118c7a59e36f714db0b10b7069421d96be36c69b19f11228b884097c116fedf1c2e8a439320f7e081b96fffb3fde157de77551a5626727fe22f2c286a7ec2da5110dfd61f8cec80ee923ecfc64281a6cfc82dfbc686014de08441b5e4f957b61db4d69a1a809d160f4b2cb0e411fee0660241a0cc541f945833043a04729127ee2bb98c8d18b3b17ab17d43a76c5cc9fd760cd1a5361030e3f2cd68a06792f137ec9448544958c1dc2f3d30141490663e5ecd9faab8b15fbcd0beb99205725ef4027de7e3b04c138e95fe8c247e5bdd60bb376654fab42f20ed1b7bd435092c168bd0aa97f7511fa16aff54f84bfcb9cb61cd765112670867103d9f9338311701552fef613d659359c1da359ffa346f1708df8acb36751ef9b0b1a771e6b165f052d66454b4798a7f8f662bcc78fe9ba07e9af785de644837a66c8e9631322af300a53f92c40d5e1e0eb99cb93568b02390fa270f6c46944dc49155cb5d4228ff7c7afed7e7161b9f83d965686ae7bcc6d55411004f1ee51614483f25910baf311b5fa9371d9d48c40491c96f16f36c86ae28b73fc35528a0782916a039fbfd4dbf4a92946fca689f82c60394e3ebd2b1af8363ef8cb701793e2786c9af81902969fc4c3b089c2a2b7aa434f98f88aea654caecff2a83c581ca1523c128d7b5b7fe8d9cddca0de22fac1fe5ba281fd821b816d04c3a672a78f855136ad6850e0d1ef9eec9cb6f0d72f382be716d1dff9b58b0639fcf7a71bdc9f1c9cfea41afbad2166c7b06b2f8ec59266ecdcf20ff177aac13d62e7cb7d701d37ef25238fbfcb4934bc85a8d709d4c4d85003e55e1081002eead533816abff39a63619c34401861ae1310216e395a8eb4eaf50f35c786423f69012202f8e08376c6b2ec69cb7e5da54f76e1736f77bc3fea18743d2f05b28fe123be68bbb6e16c6836fe11b678ad6772fd80322504d307f644cf9efaa147370f61e04256a9153eecd9175f6c8867a94b91b877027a74ec8af1c7330c9e47f6449efe04d5f8357f15c6aeb91cf7cb046645c3d56fe0c6e29d8698120257f18d1bcb572d1aca915699158bb387f6e278bcfe07faf8fdba2cecc0a4aebf725c576922f64ee8818e5dc7e37886516d49fd574d7c1566900f4110c43b4c05110d4c00ac11fde44d8da8893083775d07c11876ecb71fdcb6e4a363cdd8dfb69d7f877a2db140413466f15d88aa0c41486691f491205b74fe5dedda2452103d4b58485d65480832b3ce618cb053873fb6e8ad36e4ee03c305f701fb9ed274b82a0d7f77e5a3523aeb1138a58fb1b9bb5cb88e97130d4fb1c18b95c1488c18635e34300a6f22d093978fe5c5834634a890f67757a10ef91684da9297e2f1e6eec288e6eb170dacde7c37e92de05424ee401fee135cef6b5c12deb9ea6d136568b3ec167bb56b51655f141742cbda60255f4d4da2e1ada4207232eab3fbeb3c2c5867f1bc12e9212305b798dae343d913c12940a4b4a07e58b0ce569bca74848ce42e21b5313e543d1c5f8eb40591a2f0771e86606d0158d2108ce40b5b6b8f8736dbb2a72df375e59ec3e7fc58b90f36eaf52fa578b2b587e0d25875e8717d41511483d97c2d95437f1c7d417fa08b39f7a49cd3a2fba7d1c611a58fb059d89da936beba20f62665bf5fc698130dc83e81e17c46b1ea20ecd5ac4de3a8901b3e5df8ce83ad4f90e8a2558eb4eaaf5c3bf6ddabb70395e2e90ef4e5fd4c13f5ec7479ae8b09834ff90e53c61b68943eda0c7f07966fedaf2055174110c47f828a211af848335f082b7b0f8b6feb18e106289376c28f4fbd5b77c286c70a16918aa3a3453f56d7818bb1eb7404428ffd81597edc60b081d752714b4f65ea518ce60bac65ae18b878174e4784e2d81fb3e0c75fe2365e587a8ba76286f3d6bea8c2f292d5ef87853b4e22e2d259ec5e361c4df9f713e41df0c32db539abfd12ad95fb502cd976000777aec214bfbab0b5e77eb12f291a908983fe5c74d8c373e44c7cb7215a7fc1a20e164503a3f066203cb97b06bf1e8d686025577f11d5ca1d43976cc381833bb16a8a1feadada8bdfba7803a281af8b68347419f69ebd887f762cc6006e90c9aae3e3ddcf582a11654a3046f1b527b26ae83a651d8e5cbc840bc16b31b183e8b2e63afe9468509168a838e49dc718fe9d8e4add2d7f8b8053fa04417df8a8b91c6dc6af454868188ead9f8076f6ec78c75ed8aa63c5963e09421ffea12d791b8c5f1b82d0b063583fa19db0dfbe63afad7a066fd9d332e33ca88ff0c137799bf1581b128ab063eb3141d8fed711bdb6ea1a86e5485be6eb2ac1830dfed236cb83f0fdce93080f3f81a0f97d052356e6d40b9bd42b99d5a4ef832f5ff4eb11883b063f59c29c68e033abbf7611170cbb0d5c841dff8421ec4410e6f711fbd03a9f1e8066f94039ee9721664503ab8384df7de1c07eb36a3204df05fd83f0c80b38b43a00de7ca6c5aa25e647aba54839d2963ec6163f2e7a9cd079ea661c0b0dc7a99d8b3188cf46c8dc10a0f305eef25c5771fcafe822b87ab961e0a21df8272c0c2782e6a38ff02ea9834f0f2469fa2f822088ff02154234a8dd01642d7fc45d4b2f4755068e0ce61dbe0ccdbebf2dc6153dc4bea95dc45d3634c115bd0df6d12e7ab80f53bbf0dd3174d2b9f6c692b3a9da8e5f958f3b41eca564b028b786f718ac8dced2be783885771134a6a5680448c1911918db8e7f2f8c7abd9c685022f3dc37e27721789eae531165664dde8b44034b819b4b3d8559055dd1c0e3ef068d414be15b0b52706406d7b6e3f8be39fbff6b170d75f0f9ef8bd15b100452a8ec892f83e28cbeb45dfce80066faf2afe3eaa495d546b71907f048ad254934541ccafc713711557634560d6922ec66a3bebf566e03f0e325e903871a54c88e5e85214df887b8d469ade036e0475ccad44f59aeb4aa6c44af1a82267c9d8f3aad951b06fc7809c6d9963d6d99af4b9583ab6b3f450bdd678f85ea1d2760475c3ebb127d4aefad14be4c6dedb3d7ec471e4d61563430945997b17a7873c118d796a10ebacfdc8f87ea6e48a2ecf74b1ff3a281a1cac5f58d5fc08bafe1d0c9d7aed960fc70214ddf082f475a65da792ce9c9679d74d2d6f3c7dc9044a3356a65bf2e25b22eafc6f0e65c90e8e45ba73b66ee7f6866469c2008e2dda5e22c847e459405cf111b158eb0a85824195aa31a9428781e8ba8f03044c5261919ad1a94f978161b85f088ab887f9e6ff1055992791f311111b89a90aee3eef36aa88a33f1e4fe032466151b1912af8d924cdc8f8940c4d504a4bfae825b42918d87d72e2122e63e322d8e9aaa509c9ac0ea3414e1d171482eb054fbc4db870a4529f1b8c29ec1cbfc19b4747b55454889bf82f0b0cb884d2ab0f81c9627adaa2805f157585f7199f71596db57d9d396e3baf8b3773514e72e44e256a2e5fee54d519afd183722c31071251ec985967a99725c5779607d6ce2ed28848545e2c6a36c9d591e139439add8bf5f0e65fdfb9d1795b53cd7558aecc737101916812bf1c9b0585d044110ef30ef8c682008822008822008e2cd40a28120088220088220088b90682008822008822008c222241a0882200882200882b008890682200882200882202c42a28120088220088220088b90682008822008822008c222241a0882200882200882b008890682200882200882202c42a28120088220088220088b90682008822008822008c222241a0882200882200882b008890682200882200882202c42a28120887f01154a7252f038211ef7123351a494a2df14ca02a43fb9877b8f5351f0a6cfc550e425e1c19ddbb8733f09b90a29b242a24461c653dcbf9b80c72939285649d104411004614085150d855766e37d4739e44e5e08bc5d2cc5fe0750e6e0d6d123b85724fd6d86a21b8bd0a632ab1fb96eb083436567d46edc067e23e763c7d54c54687b85a34ac1ee1ece9057ef87a3d9525c3951e6dcc2d123f7a0ae3255ca6ef47096a37abfa3520c51615066e1ea96c9e8e1511532994c1be4aef8e08b55b890522a2514c90f0d406307c3762e873d6be7f53dba60e8b73b7123c78c0a50e521fed0327ce1e306b9eeb9ac6bc37bd40a9c795e22251429bdff1b3a5795a35af72d786ae6c151a5ed432fd6b69cbc0261d42db167f7c6ced918d8ca59ffda64d5d1faa3b9f8fb762e934aaf422e4e8da807bb4acd3035b2408cca0f45406307d8371883f379625459284dbb844dd3faa1650ddd72b250a911ba8c5a8a908785652c6b116e2c6a83ca06f747b8478e55e1d2a0257c47ccc58e982c264fd49420ee476f54913bc3ffaf6433e751216d5f2f38cb9de015781b6255e72334a0311c8cce658fcacef5e1d16528bedd7903e69a8331858899db028e72177c744cddf9b0b8792d599c3dea0fd9854433ed20e7f810d4925741875f12d8d570ccd4839d032b5b6d346ee38791f377e06a66797ae4d7593e759d1b944f0876a8e4549d3d4f1d3170f23a44a455f8b7064110ff12155434e4e2fc1817f612b3165e647502c2508ef7e1db8b320d8747d481ccbe0f425e604017c6cc821b7fc9cbdde1ddb9333af3d0a923bc3d3de05a456d04b8a0efefb721991715135532b677e065ed860359525c3950a61dc6883a32d8f70981baca54c9dbd1815f7fb703520c512160467cd4fcd6b0e2f7c6d1033d464dc237df7e8b6f268d82bf4725b1cdd61f8de064add192776e249c79bc93874e3bef8076addc51d396b71b19ac5b2f40549e81e959f2187f8f6e2ce6296f089f1193316fc9527cff6d0006b6ae22c63bf7c386bb5a755e92b002eff378cfdff1d88cdda44add894e3c4de379b8a12bec8b12b075687d315f595d74fc7802e62c5a8205d3bfc480366a11d1002376dc970ce097211bc7fad9b37c6ae2cbb07c312aef1c463ab3bc9d86e254ae18651915b22303e123f511f286dd307ce2b7f87e69202beb68f46c2ed58d7d47045e298bc86146ec2c37312f776ff1fe48a193b7173ceacac5fc64ee98743a43120ec5b8bda8a910efbd2d49474ce8a242eace4e429ac6f36e48030279383752ac4b270fedb93a75688756ee35612b9cc71aad1744c1b03998a6005153f83db386ef2175e75388e869aec239643227f4ff33d1e4c04bd6617fe17c1e4be324a3dc743d74eae80d4f0f575411f263c1a52f7ebf5dd61ef975964f5be78e6dfb62c890213a6110faf9b5879bbd5446f729b8905536c94810c47f8b0a291a5419473184bdd4acdacfc78cf759275665300ea7ff073a31c563fceec9aed7ae1ca2a1cb1e6448711a9439b8b9750cdc85178b1b265dc82ec3cbffdf4285d2825ce4e616bcd4ac88e2f1eff064d769a7231aa02a45412ecbb3e0657224de148aa77fa08b0d6b9375bec0d114837ba348c5f100d1e8aaff75a446e8aa4583d3d05330b489557937b1dacf911d63832e5b9eeab49f025c5bd44ac8cbbec3429c4b353897321317e7b5810d7f3eda2cc71dc98a7f69d1a0ca45f8f426e2f9bce7e09f67fa33187c14faf1e169682d889cf7f0cda53259f7267875d1a048da8b8f797a590df45b15852c438b9d09bb5b1b068842edbdf9b8ae2b8c4ca23596bbec31ea8984bab9baa21b1c787e4d174875f6aaa2c109438d2e5685bc9babe1e7c8ce63d3055bcc4d15e9f122a39c05a77ef8d3445e964483a97a50e6dcc4d631ee629e6e937021bb2c3df2eb2cdf8beb5c957d1981dea2c86bffdb03e8cff91104415448d1a044f25ffeb0631d57dbd57711f74b1bd689d9a2db1fa64754d494a4c723f2f4111c3a7a16d79e169831924b901e1f89d3470ee1e8d96b785a603a95aa3009b72e1e47f0a1109cbb9608e3644a1466a622252d072506bfa94a729096928acc42a95b5616212b351519f9bcf40ae4dc8fc4c9c3c1381e1687745ddb42558cece4ab58de82bd08e47ed8792f05a959c5668d7d8ba241a004f7d7fb0a2f6beb0eebf0c8e80dc0eb221c270ef3ba88617561fad5cdaf35f7f1159c397210c1c7ce21e6499e99973ca3241df191a771e4d0519cbdf654bfde9485c864f590c90c7965fe23441c3f8e8bb1e9ac142a1465b1ba4ccdd2f8532b8bb2909a9a015e65aac26788397314474e46e04eaafe18adaa381bc95797a305bb46b9df4edc63f59ec53351f13a17ebcf9017dedbb2de2f4243496e3a5279dd17996bad2279e73f138cd15a5f85413279f550266e4147dea69b2cc04de9d659120d9cdcd3c35095fdee3cf29c663652f16c3b3e94b37c2af7c5aee7667a8de25bf8de83a591d54640b8589a97150d25093fc38bc7b98c42489ab9a7438167bbfac389a5b36aff2beebd9445f6aaa2a10091534483b3d1f470e498bb5dca24fcd58bcffcb0f3849aba53babc4034700a2231a91eaf6b4fac152af64d88064e2e4e0fabca7e77c6c87365999bb66494dba1a5af3853e5d4778791bb5a79458340c97dacf77510ced761dda33218e5afb37c65a973765cc8005462691cfa1f438e14471004a1a6e28906c5636ce8c8dd92dae1b787a5503c5a076f2bf6c269b11c71268c3655ee756c18ed29180ebc4314831ccd466e46acc6225421f7fa068cf6e42f149d74f26618b939566b382ab310b57a383cec74d2b060dd70207e08534fad334a1f62756bf69bc3001c37e85973fe192874baad56892335ca679bd19efded3629083f0d6ea097afacba0f1685668af9661d82afb5ce6f3c7cb01be9fc3713bc583430f22ee2cb9a3c2f6f6cd279ab1426ec44809793feb9ac1b61d0ca48bd9147554e3456f6d319d592428dae73f08f8e0b091f4dbcbe61343cabeaa793371b89cdb1a280533c5987b62cce7dea6a7cd5449da63a469eba6be09ea4c4b3cdedd9dff53166d56c74d5cbb33a3a4f3f84a7523bc83ae40b6bcd6f62f86077ba69f7a432dedb32df2f42221767475413eaa7c3f66429ce34c53717a009af47f799083535d2aa2a44daf36464156adb9665d1c00ccbbd3d840186664b629959c45122714b27c105aac6e8f316dc1a95c88abb84ab8f723483112f271a9831f6fd7bc2f56b0d343314c660961b6f4b1e08bc6331a5195e5134e49dc7e77c0d834d576c4db4dc8a0b1298b00ebd876c33f5a0a50cc672f16d2c6ecaafbb157eb9cf7bc537241a54a9d8dbc38efdde0c4b628d070c8cb1649457c327216158dc8a97db097db7ebce64bda46860e45dfc1235591a99f726b3eb66b4bccef295a5ce9548ded95d38aeda27674c8a748220fedb5438d15072f747b4649d966dd7ad10de6bcae7d8e1cba74c5d312dcac0175491885d034421e03ee2671cbd128fbb31c7b072a868ecb97e1d26747c8ac45d1820189fee18f1f3515c89bf8b98632b31b4018f73c5d7613c5531e27ff940583069cd8cdd5f8e44e14e5c0c4eac1b0f4f6e68dab443e00de9fc2f211a78796cdc0660c1b6105c083d8ecd533b0ae9640d67e16a214ba84843cca91d98d888c559b5c392832770e66a8ad9d1a83289062639f67d68c3cead1d7953241fc408414834c6b0154770e5ee7dc486eec46c1f5e8ff6e8b646bd708ebdb0a6f17aac0abf45077039fe211ec68563e7f4f68291566d58083204bb4f81c45d0344d1e63e023f1fbd82f8bb3138b672281af038d7afc1ab572d1a647256bfaefe18f7cd747cf1c91c9ccb4c32231a781c331846ad43e8c3143c893980f9dd447feb168baeb35727afb2189cda31118d589c55bb253878e20caea6949a100d65bfb765be5f84443e22a6b5419d9a8d30f8409a146706f6dc6cf2e7ee44ac1e9d9aa3f7f8efb129f812ee659a37a0d5a2c171c0013cc9c84086145213efe2d2de45e8c98d60e721f8fb99da64cac5994fb888b181ef9e3441b096158d6860a2e660680422228c43f8b145621ab56850b1f6db89fd2dab8b49eac5c966c9c385d135585a2b74d99952aeb289bc9a6828ba315f146dad5641b0dd5f0b2f36960b6f050a7dbaacfa67382794f155458323061c78a2690b1919a948bc7b097b17f5440d96de79c8dfd034078b5836ca479ccd45e1f5c568c5cbeed407db75acfc97150d48df870fb98b9ef348bc7832e47596ef4575ae44cecd2d185687e5c5de17c38ea6bf44fb2408e25da7828986225c9fcba75c1dd07b6faad469a99076a03f1c5967e73ce20474d767155d9b23188c729f4d78acfb122c88c20c2e085c3ec3d9dc225c9bd388e52987cfa6c77a467841d40cc1b075f9ec2cb23343f0315f1c58e523ec49d27de3a89071722c6ab374f63dff4212ef6d5f4634c87db0e5894ebe8a47f8ad2defa0d5a36f3cee35ad69d0a07ec95aa3fb814cf637ab8b6f79fddac3ef8f277a2353c80dc76457969ff3a738c9cfadbec66ac3715af71a8be3b1eeb37e18366b2f1ef3b751d135cce142875ddf26fd9b80a8195c74b8e033f672d388069bce58afeb2b65b4105a2b1a6c3aaec13d1d7b52951b8a49f5595aa74138222a16936b1a0c4583aa1cf7b65cf78b2837aadc1bd8fc653b54e375ac139c9b75c7c8f9db1069b07b926621b4b960e389b9e1ba6b76d2b1a70bffcd055f5c7c916b8d3e1ad15096a0160dc537b1d09dc7b5c2aa072f6a1725b8fb4373e178edcc48797835d1907b72082ab373ebadff9150156520e9d9333c3308c9d9e6059d88d6587e6fc636ecdbbf1ffb85b00f7b766ec6ca39c3d1d689d78f15da04de928cff57150dd23d30116c3ce722bc4ceb05382f36caf9dfd7bf6f2de45db9cf763c916ef14b8b06f5fdb2ee0ea14bb6c8eb2c9fb6ce65b59aa279f3e6dae0d1146e2e7c8686d7a11cada7fd03c325470441109c8a251af22330b12eebb8aa7c8c904c9d8e3ffb2446f08ed6ce1fbb04ab9d538afb3fb7649d9c2d3e341a5154a128334bdcfbbdf43e7e6ec98eb5fd107bd20c5e26aa22646615092fadfc8b5fc085759acea3b4bed11ab861dc90e551698068ccbf8c6868bb0eba36a830223a9c8feebb63a1da81fb8d89062bf8f03754491c96723f6eb91ff62497a0b4b454276423747c6d96b60e265ce223a6d938315c743ba9d57d227efafb2212b28c8da2d2fb3f8b33431fee8171f566224bda805f231a5aff0a3ddbcaac68b085efdf6ae1a846fdc2d41a8465110de5b9b7e5ba5fc44b539a118b93db9661ea083fb4aa6d2bb43321d8b7c79cb3e91a4352231aeaf9e3d3d1a3315a089f63d42783d1c3db55dc4ad5da0301c1cf25119c817dddac585e3530fac20b8772f5d08806977e9815b8144b979a08f386a22e4fa3160d4537305f70b76b89952f5ca8508a849f5a08d7d974917a1bd1f2f06aa221e79f8f84bec9beafb168c80af61317861b04e751e7a514e6d01acbe6830b3e9876104f34fae3d545433dff4fa5b6c0c2e7a3f0c9e01ef0761517f15a7b0420d8dc5a163dca6294f3a8eb58c2fb7b5965f4097a22f4ebaf2c1aac7c5e9368e05165299f8e68707645a3468d5868805a95f8713c544797f13f62cf9554e178822008535428d1907dea53d140903742fb4edaadfb3a776e8f267c6123fbcd6bd57da953cb47b864e4064458700bc80fc7f8daecd83a01b0942c636f37c10fbac5ca7b263acd74ec16462fdb621db7245f423458fb1e82badb17c9c385cfabb33c1b639e7a45e5eb160daa34ecf6e1eb439c318a6fe2ae7e61f1e3cc065bf8492fa8d2670731a1353752b4bfd56b371093571dc7036921487ef87861a4be4e40047bc599472d1a6cfc0ceac1ac68a88fc9970d7354e2e9c6764259baec11577b94453494e7de96eb7e11af0905b2ef9ec4ea31ad44115063144e4a538a96d7342891716e263cf8315587e2a830fba4be4f36f0dd6b6e4590695e6a4d83f219fef0e6eda72e260a62db12f98808e07d960c1db63dc7ff25ef82af667b6429c89b62da6573fe6faf261a0aa3a7c1959fc373add1f515de5a8f1901010890c29703dc856746100dec19dde52b6dc5aa0972349d76991fa931961b4ff80ddbb66dd384ed3bf7e0c8b96b789267280b4a7027b099708cd7067d5f7c2d4a3cdfea2da469fadd2d4960a9458399350dca0c9c9be9211c5375e85164a85448dee5abddee540af2a6d3205671198d7246e18d2568cd8fafdc1b414f4a5f5a34a8d276c387af5d731e85f379ffcbf299116aa569885cdd5f70eb92b97e823f1fd280084110e6a938a28119b807fa8bfece359a78e84f9ff2f05e1d717ff7c6dfe29a60b315e0d2843a2c7d6d8c97763f3149c1254ce07e9ab5c7c352b2cc831f0a236defff7857ea647550a562a7e0b7ec850d4f5977ab110dfd71cc40346487f4117cfe0d45838d5ff0ff5e34e49ec368eef36dd5115bf80291dcb318518dfdedd815337f5e83356b4c850d38acfbe250e5e351d85f58316d387c3cb4ae01366d17e12aabcf824b135087fd5d7b7cb8c91d71d4a84583bcd751fd514e0ba2614a94a1f1a4c0e3b59eec37b5bb55d9444379ee6db9ee175176984117be66260226ac4094b909006532f6f4e1bbf6d4c0186926c9b2686068d614b860acb0d38f12493bba0af7bbe697a1ecae994385b4c363d0e5c3115810fc5478565f6e21b4daa552d7403343712c029bf1b236c2b7d78b585efb30b081339c9d7542ad76982b2e72427eda33a416eaceb56523a42f170db530ee651642671ec140be25a99d3ffe4a363dbeaf263f74ac343bc745432af60d6ca05f4ee75a6837f72a4b59c611763d1478b2aead704cb3c03b66eaac0471cb4401d066cd434958bc4034305449dbc5fbe33216a1f92aa4ee1b88067ae57646ad7673a575496537ca79fc8d40be939f0c957b6dc3cdfd2f271a72cf8d160c74ab8e5b90a8fc5f96cfc2ec8e2a0fd10bf9ac3dab37f769b85866f72e8220fe6b5418d1a07c1684ee7c36a1fe64180d30734ae2b08c7fb34156135f9ce3967a291eace6be9c36f0f9cb70516131e2374dc46701cb71f2e95dd1c0b7f1c15f29069d61713c364dfc0c01cb4fe261d844c1eda0ead013fa462da7e03226735ffaca8371829f5af14834ee6dfd11ac67593283778b383af6ef8b060512b7f710b65cb5edfa87f8e55066b42ce1468bfc43fc9d6af8625022f7c175dcbc978c3c9e565582ec27b7117d2b5d7a617354287c7212f3daf2c5d5d5f1d9f93c943e582d8c70d9f8fc05e3eadd84899f0560f9c96414975b34c8e1bfcf70315e1e2e7ec13ffae78a69d1a2a0288b6828882cfbbd25d1f08650a561af9f9cd55f0d7c76da5ce32ec0e5afebb134da85fb2f140dca446c1646fad5a281dfc3edf0e57d49d52138986ac63866c27f5d27de8e2ba1df41d1bdf1e544037fac02c5e36a8dc6f1749df3952460fd888108f8e5041e162a907eec3371e71c8fc5b86571405781876bb838ae84817a539919d8e7c35daf1a60e6154950974734a8b27072146fc332bc37e7b2c50fa0e989068bbc8c6860c6f3994f84752d763d0fc0e42778587bd9d78b0ba42a187a525d072f160dcac4cdf0e6752c880629d22ce531ca19853710d886d77f6574fa581434e5120d8a446cefc1b75cb545d7176c212ef23acbf70297b0a2db58ee257e4cb57ec059bdb5830441106a2a88686002608de876d270768ce4bf6a88028fd67510661b1cfbed07b7798b6f2f4633f6b76de7dff577032988c62cbe38b7ca10846416e1f6623e156e8bcebfab5d9b440aa267090ba9ab0c094166d6398c7161c738f8638bde470d944839385c305cec7bfe0d61808ebdd0feeeca3b6703fff6d2c7d8dc9d1b462f2b1a9e6283172b83911831c6b2682841d2e985e8287ce1b301be0e557fd9b50831b31b0ae56bb3ec167bfd6851655f141742cbda6065027bcd649fc050ee3a51ff6b84eb0dd7b217d954fed2920c3bbe9d221722b69df1bbfe4d40f42cbe00bd0a868464a2b4dca281a5edb6010f75b2e41fa61acc674aea4dc225c920503cdd20ec916febafad5f43d1809cb2df5b120d6f0a2592f7f413363490351e87fd8f8dade6e207db31881bc095fa606f8a68d658160d0aa49cf85adc11c8e923046baccf5c844f110db8aa3d5721c6f08304ca6c44067e007b7e9cfb6c444b83142f2b1ab8317e26803f133254eebe0c9732c5b2ab72c2b1c0cf55dc16d8b53d3c1cd8bfb2faf8ea548681183626f3701fa17cf526ea7c0d3fe73cc671574bab0fb05dbdb6ab3ca28151faf80ff4e4b30decf9edb1fc220cd69d3354287cf40f02fbd412aee74d8906557a303eaacccbe18159170cb73156222b7cae782f2a0fc421cd62a9178806450a4e7c2d7e64cfe9a360d362448f721ae58cc29b81f0e45b80f3b2b15066d1509284d30b3b8a6daec1d708cd7d61e118afb37c2f5e4752c48e155c9c646e981c9af3c2364a10c47f8f8a211af808b8f0a1a5f7b0f8b6f9213865d24ef8f12d32ad3b61037fab2b537174745da123741db818bb4e4720f4d81f98e5c7b735b481d75271b70e65ea518ce60bac65ae18b878174e4784e2d81fb3e027ec59ee85a5b778aa523cdeda57f42faddf0f0b779c44c4a5b3d8bd6c389a721f547907fc704b6d663391f35b07c118b0721f8a25db0ee0e0ce5598e25717b6f65585f2bc946840260efa73d1610fcf9133f1dd8668989b29d68886ca5ee83d7020060a6100faf6e80a4f37695b4b66b0fbaeb8a637a2a84c09c6286e78b0974ed729eb70e4e2255c085e8b891dc4635cc79f82b8063d1f91d3b9d12f838bff1c6c3d1e8ee8cbe77160e528bcc75f4af503704118005422f5e8687171a8eb402cde751a11a1c7f0c72c3f611adec66b2978f596df3d89c7c950a7cf02041d3b877f76066288b0c7bd3306fda5334a977910fe7c54d9de1323677e870dd1d950188a8672dc5b120de5250fe7c7f0d9814ae8be2b458a3343c923040de2cf26bf8f2ef0ec37163316042270f11c047cdc11f58478477cb8269e9938229a85d02e1dd057d3ce59e8df1b3ead6b8b2e8bec18ffb5f724e34844951b8dc04ed27a9ccaefa3ffc4efb072ed06fcfec337f8c45b1c6d9755ea861faf6987a35f5a34700a6e614d1fe9da1cd9f9262cc2cfeb3662ddcff330ac993882cb8383ff663cd02da81954e98731940b64f69c761c331fcb0267e1134feeba258363ef9dda2d4535eb945cd0a1af4efde884a1330ee96c41aa44c6c5efd059100e2c38b7429fd1533077f1122cfc26001f7fd048fc7a330bf21663b1f5d68b94c8cb89066ec4c6adea2a1ad1ec1a3d3f0ac0dcc0e558ba6816c60df014efb9ac32bbaf099ab6c0db9a7a21b44b87be7ad7d8bfb70f5ad7e60339ec38477facd5dd76cd2ce537caf9ef37033da576675a3454f6eaad2ddb80bee8d1d5136eeafaaee28b15d7f2ca6890bfcef2bd5834f0f3c52c1077f792b9cf42a479df3e8220fea35408d1507875a6b8a77fcb1f71d7525fafcac091c1e247c99a7d7f5b8c2b7a887d53bb88d3fe9ae08ade4bce2255e7c55ff4701fa676a9a9938605d7de587236556b80aaf271272800dec24b581b6a788fc1dae82cfd8eb6f02e82c6b414f7ee9782639bf1d876fc7b3467ff7f39d1a044e6b96fc46f07f03c5da7c2c8ad5f42231a4c047b1777741c3c1deb2f26e919526a8a1f1dc04c5f6ee8e91e571bdd661cc0235dcdc6ae71c7382fa3ed31ab7b8fc7f638ddaf6e17e1e1bea9e8227cff411b5c7b2fc159e926945f3458a1ddb7b3d15310385270f6c6b8adb1c8d77de32a3371ee1b4f611d8970cea951c837120d8c32de5b120de5a5ec1f7713287986533f8c403b3ef3a3731f78a8e2d10f73f626e87da55b231a4c05fb9af0f01d8365471f40cff55f425590807d73fbc14318d1d60df668da772e0ede2fd433de5e4934701469085f3b1e5d5d7576831282239af51e8f69c35b08ed54ee31188b0e3d3433a3aa4689f4f38be1a7dbfe653668d06b31cea6e9144e231a2c846681b8633016539a12867513fdd1d4a86eac50b3f540ccda7619a946b310a67859d1c050e5e256d024f8b8723731fd72c8ddfc31e3ef78832fb66b4583a9605fd303be6396e1e803fdfb6a9e9731ca198537b1d4531428a6448371b0878b7b470c9ebe1e17932cbde00c799de52b8b6860e445e21b610b6176ecfcabac040441105a2ace42e8574459f01cb151e1088b8a4592fe9b4607250a9ec7222a3c0c51b149062f241d94f978161b85f088ab887f9e6fbe83659464de474c4404ae26a4eb8c88bd1aaae24c3cb9ff008959c56f708a5885e2d40456f6508447c721b9c0fc552af29ee34e743842597dc425e98a0503940578ceeb2d2c0ab196d259442d1a6ce0c77db414d97878ed122edf7a8c6cb3460cbb96cc27b8ff201159c52f386b39ee2df1262945f6d35844875f4468e4752424bdc17ba12a42eabd6b880cbd88b0e8583c33dacde775c3aeedc92dd6cf8423faf623a4699ead62249efc0123dbd587576019bfd3a0cc43e2ad48845d8a41424ad1ebef0f58dda4ddbf8ec8b0505c8a89c3d3acf218b5af8b52e4f0b61076011758df71fb698e30e042100441542cde19d140bc2b1888068278e75041f9e6460308822008e28d40a281a8609068200882200882a8689068202a187c979d8fd0b066538c3aa5bbdd24411004411004f16f41a28120088220088220088b90682008822008822008c222241a0882200882200882b008890682200882200882202c42a28120088220088220088b90682008822008822008c222241a0882200882200882b008890682200882200882202c42a28120088220088220088b90682008822008822008c222241a0882202ca02848c7d37b77109b9088ac1295144b106f19aa12e4a43c4642fc3d246616412945ffa7501420fde93ddc894d40625609e8692688f2517144437e28021a3b402e97eb07fbca70aeef812e43bfc5ce1b396f4147a744d29f7e7096d7c4e0e3d9521c41fc172944ccbc967094dba3fe905d485448d106e41c1f825af22ae8f04b024aa4387d0a7165f6fb2c1f399cbc0271bb588ad65080cbd33d50c9b0ef30199ce015781b3c8bc298b968e12887cb47c760f4a4aa0af02064294678d7875c26834c132ae3bd1e93b129321d4697531883792d1d599f551f4376251aff2e9083e3436a415ea5037e493073b55766e37d562eb99317028d2f5644ea2fed1b8cc1f93c29ae3cbcc2f12f2c5f660886d5b58343d34988c897e234a890b2b71f6af27bc1ea60e55de33a28bab9186d2acb5173c03ea49ab1ea4ae27e847715399cfdff42b29934aab47de8e5acdf660a63e6a1252bbb7dfd21d865be4162482d39aa74f8059a5bc4eeeddc16ecdeba7c8463bcb1943ec2465f67c81ddc3121d47205e6854f4253073bd41f7e04e9cc708ffbd11b558cdaa561b083eb676791cb332889c38fde554ca461c1ae129caad78747c78198bc2e0269262e499975155b26f7804755dd762c83dcf5037cb1ea02524aa5841286cf45c1e5e9f0a864e2dc268253dbd9f875542338c82ba169c0496498b3ca95a938329aa7ab8a760ba3f1324d589f5c9c1a510f76959a616a648114a74685820721583ac21bf5e5fa7550f9bd1e98bc2912e986f55674038bda5436ba3e3b07668fd46e8c367e23317fc755641a1e577a1fbf75ae0a79b5eed8f2d44cfb52a5615f2fd676f49e9f22dc58d406950dcec783bd6355b8346809df1173b123264bc70652b72567f8ff956c4600a990b6af17b347b4fd9ef638e373f17657c9a93aea7b74c4c0c9eb1061aa4111ff692a8e68c83b8791cefc41768287776774eecc43277468d70aee356dc587dcba351644e555f0d101259e6d6ecfca6b03bfe02c298e20fe8b14227a9aabf4827642ff3f4d1bd25987fd61cbd2782c8d332d1a72cf638c0b7ffe793e7510106668621421f6d7a1e826f41952f06e0647e1bcce78bf834e7ce7eef87cdb03e13c055153509fa5b1f63d04bd2755918c63d3db4862a12a5af5198b990bbfc777b30230b4735de97aaaa3e72fd790a7db191546639a2bff8d05a7fef8d3a4519a85c3febc3ff3c0d23853579b8bf3635cd8efd6423e7502c24c1b54eafed269284e0996653979e9e3cb503ec5536cf4e6f5e081c03b86d79889a3031d85637968b7eeb1419b50e0f1ba76c26f6d7e7d00037b5643f1ed4568caf3f0de8624332349aad49de8c4d3349e871b45625c61f434b84ae776eaffa769219b7518feb62c8dc752686e514114a6d46771d6be38243416059e6ef900362c1fe74f4f198b4e0dd93839c2999daf1a861ecf64efae62dc5ed45438bf6da376e8a4db66f54217f45f7c85c96146f16d2c6acacbec88b67d8760c8109d30a81ffcdabbc15eba26f7291790a5d32655795198dfda4af8cdd1a307464dfa06df7efb0d268df26742403ca6fee86024ebd483e1735114fb2b8676d32d9b379a398ac73abfdf4127be33ba7fbe0d771ffc89fe4efcf77a18779a5fb3214aa41d1d051776bccc7d26c2735fc71b3d1bc7fad9b373d6c49761ba4a5581e463d3d146120b555bf5c1d8990bf1fd77b31030b433eaf232b050bde72fb8a6fb30339138cb8dff2687bb8e3dd2d1db131eae5584637870e9fb3b6eeb6a949204ac789fffe689df1f9b6a5c0c552a7676e2691a639eba61f20196596e429e72776fbd3aede4ed058fba72e99cee98743a43120edab6e4bd2d49474ce8a242eace4e429ac6f36eb09e92a33dceb16d5ffdf6346410faf9b5879bbd787d32f729b8a0dba088ff3c154f34987a89a9f27073b59f6004d874d9027302be6240a28120447445037fb6fbe14f130faf65d1a042c6d121a822b342fbf933f03e4b5765f061a4bfe83d96731c031cd8395dc622d468b45bc4b46828c2ed1fbc85f2c8defb027fc6e51b183da548bd1888ee8251540b9f1d49d5beac7545030b4efdfe34d15759160daa8ca318524506abf6f331831b1f5506e3b0a98bfd974443d9ca57823b811eec1aadd1f54f8311d0bcf3f8bc3a3398bd3e43076698d876df89643d6b270387fa70e3cf1d0b6f9a996561bc0ed1c0856cbf3f9f1a0bd93289069eff3ef4e18677958f119269ba41aad28331b0324b532700a2d62d8ba16780463478639bc98b5521fb7220bc05c3b83d7e7ba0965a4cd8fcd145103675be388a14830b55a41e47806018d7c7d73aa3f366c5b4861c1c1fe0c08e73c158930f9702897ff68713af63d7009c33303a95e9c7f0792d7e5e0fcc8d7af5390611d3a2a1e8f60ff0e6f752f61ebef8330ef906b7a934f52202bb3bb1df65a8f5d911a4aaab57231aba604f8614a741899c9b5b31c69dff2e83dba40bc856e7fb1a444317e313b263727175453738f03a6dba406acfaf2e1acc1da7cabe8c406f51a8b4ffcdbc7827fe7bbc1da281937b1ac3f8f4aaf3489c53f733ca4264a6a622b3400165fe23441c3f8e8bb1e97a868732ff29ae5ff807c1fbf7e3f0c948246418bea89528ca4a456a46bef0f250e4dc47e4c9c3083e1e86b874e397ba9a92f478449e3e824347cfe2dad3029d17a3816850e4e041e4491c3e7c0211f199f4f011ef0025c84d4f454a6a168a4cdb4a126ad1608796be8d85179053df1d4686b445d1a04cc65ffe76ecd8b6587d370ebfb4617d806d37fc61ceb544cd4b8a0665d22ef4e4c739f861cb63734fab0a996702508f1d2b6b340b570aa568b568b06b09dfc6ec5f6694f6dd6168945a120d4a24ffe50f3b966fdbd57711f74b1b96ce16ddfe303143f3af8886b297afe0f264a16eab7d725a74b191288c9a2a18ed5ebf5dc21f5dac21abd41f87756da4fc308ce306659d09b864e865a2c3ab8a06bb96be68cc7f73ea8b1dc60db24ca281dfcb139ff059844ae877304d5f1c0968ebabf1dceb6536d88c78a168e0642164402596c601fd8fe548717938ff192f5f2d7ca537faae4689c42d1d85b234597093954ce4d545034391889dfdc51179b7af758c6a65064e7c5147886fb5f89a3893f25a30211a9449d8d59397d3017e5b1e9b7df7aa32cf20a01eafdf4698a57e982d8a069192fbebe1cbfb0aeb0e58f748cafd4d89064e41242609e5f4c45a21ef37271a385921035089a571e87f8cdd718210796b44832a752f7ad8b1df9b2d41acd4bb299eac435bd6a8dda7aec6574df8c3c443758c3c930355411c82be6a876a429c6ea8868e338f6b475d94cfb0b93d8b779b84a09f06a3815edaeaf059148a4c9da74a957b1d1b467ba2aa5e3a399a8ddc8cd802de33aa458335bc172fc160a1e3d106970f97205c37438278dbc83d8b11d5787bee80ede61cca05d4a2a11a3e0909c3e256fc1866486fd737a42d8906c5e30de8c8dd92dafd8687a50a3c5ae70d2b96b6c57233ae4c6a5e4a34b067776b6758b3b89a632f58f6b3563cc25ac105a716c6854b27508b866a9f20246c315ab17cb851ba5dcf28b5201a148fb1a12377fb6987df1e96b253ac83b715cba3c572adf1aae6df100de5295fce697cc2db48e3b9b8aeb68bb8b1f2fd7bc2b507dec9c7835fb9e870c6a767b40528be138866acdeaa0e3b69d1507955d150ed9310842d6ec5cecf85ec767d215b66d1c0344ec404c1c5c5aec76ea4189643f1145b3eb061e768859f346b37de906860e27a6777deaed8b3a6a9cf62dc5cd0443897fbcc50ade1ae83aa300dcf93b350a873fdaf45343014893bd1bf0a2f77634c8fe0656262fbf438416c5bb75b865b9a76f13a30160dca675bd199f71d35c7e282e587198fd67a0bf5546b5c3884a3cb201ab828bbf8654de138ef4d529ff62645036b078b8576d00abfdce722e54d8a062678777617fae56a9f9cd113fec47f9b8a271a1c07e0c0930c646448213511772fedc5a29e35582377c690bf9f690c0eb56890c95927e4ea8f71df4cc7179fccc1b9ac3c444e6f283c140d86af4248d41ddc4bb889d03d8bd1479816ad8df19ad1084934f07c6cdc3060c136845c08c5f1cd53d151f0f96c885957a5d1074522760da82aa4751ff1338e5e89c7dd98635839b48110e7fa75187bb8d4a241ccb3e1a045f8f374242e9fdb89395d2b0b710d665c615d0441bca5e447605a9b3aa8d968300ea4954d348c389b8bc2eb6a43ba8f9e216d5e3494e0ee8f2dd9f1b6e8ba355178b9299fef802f77c3709d86284bc3942f251a72717a387fbee5e871d0aca520c15d709a09cf73f3e5f162b935a26104cee616e2bada28eda36b949a170d25777f444b96deb6eb56248a178b1dbedc45c015d30c2ff65f100de52a9f2a0d7bfdf96fded8f454324b4a1f60359f29729d2eccce14dffa0eee2cbfba1323a51167259e6febcc44a11d7aec333572afe59545c388b3c82dbcae11b27d74856c3944038aae631e9f55b2f541d033fd82943e58032f762e9b0f745d6a750cb62d4f515c5a8a529341a1bdfe178906650e6e6e19863afc5a9d87e1a88ebb58e9c34df097d61f3835ef8df1df6f42f0a57bc8d46f7a7abc2ed1c08df1c49dfd518597abc5625c4f0dc5646e88cb3be1e738f3ae672f87b168c83d3d5c18dc93f73888173ecd925895355f8e785e3765120d40fabe0fc5752d23cf89830c1ad1e08e990743111111611cc28f619190a67ca2a1f056a0f0fcc9aa7f8673c233fba6440377bfda82617578199d31ec68bac56791f86f510117429b0b36f09c1bae375aa2110d369db15e3d3dc8610ffc7caf2a903730dcbd43c5d473576124b1f5ea87e24b42231ae4f0d9f244fbe260ff7bf45b5be1dcad7eb92f4c6d165d9b8346ec6fb9cf26e8792eb017ca8c062c0f97cf98b1a0150df26e9ba13bd8a078b211debcbc2d7f8130504010ef34faa281ff7dfdfbd6c2b3519919d24fa467c0ac686006d95c6e9039f4c65ef5363acc183dd09f2fa475c6881359e65f662f231a54c9d8d191f705751010f162c789ccfd3ec2ac47cdb1a1d2e8a4ae68e07f5fc7f7ad797e959951fa44728f30271a8a707d2e77e17240efbda9d275a99076a0bfb096cb79c409bd05aeff7bd150cef2b1fef3c9063e7aeb888121a2e9a97c1e842ed632d4182dcde270778bbaac0c1aa33e1bc707f381950e4c68e8749c26782da281ff7dfd7bb4e6692a3321ab6d9065170dacc526fcc4dbb4353a6dd27d7f94206ed9fb2cbe12faee57d717476bb0590e6df0db2329378d6890a156d3e668de5c1b3c9abac185cfc0f363e4ad31ed9f149d327054c8bdb1195fb6aba693370fce68d67d24e66f8b34da3de9f5890686c64dc9068ddbf34d04ece0f3fb3dfde7fcb560281ad8bb7e87e87a552720e2c56e5099fbe1c367cd6a4afd45194543deb99170e675d5fd003279844634942598160defcdd8867dfbf763bf10f661cfcecd58396738da0aeba8acd026f05639660c2c8b0659ada67aeda9b94753b8b97077507e2e395a4ffbc7682d0cf1dfa6028a867af0ff7434468f16c3e7a33ec1e01ede7015167959c3232018cfa546ac110dad7f8566ed975914c87b76034716b4154483c732c940d18886b658f744ffe9c83d238e54b82fe4fe9ea5b8ffb338eaf9e11ec35130158a32b350243cb55ad1d0769dee4b84917711636ab073359c836beabe8220de590c45038fba8e256a433a4834a4cd8986fc888982eb47958f43a0bbce34fbe408e1456de7bfcbacc1f852a241f91c5b0597a3ba9864b46da331197bbb09a2c1e58b8ba645038fbabe446394060946a919d1901f8189dc80365c549b7d122378bf68e78f5dba17fbbf160de52d1f43ed6ae43a358ab50415320ef5810317114705f38a918bd323b831db122befb1ba29940cf3f77f80899d58f5785da281c5e0fa12b5900d12856cb944037f0f6dc60736ecb7766bf050fd1e2aba81f9dc65d6f9539cd2db5a496bb019ef5ca3133e9d8f5369d285e9880667d74668d4888506b5047f73c1b8abde05e37fdc832ba9ea939ba21419b127b16dd9548cf06b85dafcfaa4e3eddbcfc1d9746d25be56d1c0d0ba29c950c97f3374c7f75e1f86a24189e75b4597a3ba93d4335916c8d88b6e5c34b87c818b2f211aac7c0c45830bfacd0ac4d2a54b4d847918ca9f2533a2c17c70c107d30ee289e6d9780da2c1d9556c4f8d1aa096b49b1677cbee32fe47ecb9922a0d74108496b7664d8332e31c667af0065d15438f8a4fb15a34d8f899e8dc54b9b873e8274c1ee60f6f0f57384b5baea983c640518b06132f83bc0b9fa33a4b2b3e6cf9081f5f9b1dfba25148ed9a06df830619e687e1cb9aec5c6eb31043fe49c43b8f09d1c028bca136a47b0b86b469d1908d539ff2459c32c81bb5d7df9ab27d13693b542fac323765f752ee49cc18fa88cf6254c28010f39b688a94e0ee0fcd85f2355b12cb5ec30c13a281d7c10db551da9b1ba5a64543f6a94f05e343266f84f69d74aeb5737b3491fa2eaf55e28ca7c0ff583494bb7c9c82cbf89a2fdc1406757270fa1326106c7db14bb30e4685f483bd61cffaca2edb93507cef67c1fdc26d560cab35cb68dc49bc3698d8a14a44f97cab38b3dbf43bdc92bc618c4503a3f08646c8f6e642b69ca201ca14ece9cd8de856f849fab04381b4e0bbded7970c0cd6b2187a0698714f2a4d8bc4eafedc6d9709b34ffec4c3f278fc28b271f7e46a8c69c55dc864a831eaa466a6e8758b06d6d8705610879531e4e4cb34d6b260ec9e9473fc236116acd28010f6ab654aeefe80e62cad66cd649944830a69bb7d844148e751e70ddc935e7e4d43e309bf61dbb66d9ab07de71e1c39770d4ff20c5b8bd645d26b83895dc004b4e2a9e977b7c47eca5c1b2c4d43e4eafea8c1e265ae9fe0cf723528e2bfc25b231af8039ab45d54cc2e63438518b56890f73aaadf2928927178aca4da1d1ba353bf9198f8ed0fd874200c31bbf9689709d160e307c31d52f54543012e4de0bb3ed4c678f5c24793a84583892d57493410ff294c8b061e7f23902f82658674af6db8b9df5834a8d20ea0bfe08b5d034d3c74a6cfa5f05e1d71eff9c6df5e9346cf0c7829d1a0c0938de20bb64e80b420d21cacdf08eac68dffea18253a18b3cb32251a18cc280de4befccc68eab5ed26f61b8a068dcb1533de9a78185d6bf3f7ea08331ab2c6df6a6728ff97a2e165ca279083537c8d885d4f1c7c1a8109dc47badd3a3d974de5b36df8c05a862a434fe0fedfbeac1db8e08b8b1657ad0a6866999b05c2e85310122571cbe0c1d3b4598387d2394d8a0646e18d40b4e1692bf7c2b69bfbcb271a1859ff0c174495472017907c816c2d565f4df19dd1b6b1af4f34705479d158d892ff2683fbb48b7aeebbca8c70ac991980092ba24483d604cae43de2b6b135c68823ec8c37211ace8de403004e18fa528dd51005f2d39e21b550e762990510d2978b865a182789068d3b709d00587c65f377765037a10faa3eea9cd82eca241a72716e34176d56e8b8455c73f54617421bc1faab75a20b75b3c03b3a032eba703739befdb10c6dd6482ed996daa02a0fd10bb947052b9ffb345c34b57a9ef84ff31689062512378b2ff4178986a29b0bd084377a8f7988ccd16df4dccf51141e9a87accca2a1140f56f311431bf8fc95c272d2a518f19b26e2b380e538995c42a2812004cc890686604873c3bf323a7d2cbed4b4a281bfc4bb0bb309f5275f36e95ac00d42fecd0659cd2f70ced4363b2f251a7877b0037edc47bc520f6c35bbe52aeb1ba2e688ee3175d5fbef33cc890686609472f787ca9df0b13063aa150dca6741e8ce47ebeb4fc665d3178b65822152135fa82ff67f281a5eaa7c022aa4eef167f7b12ebefce35bbca7778f254aefe3173ecadf7406d67ccc0ccbca1f415a026199dc33e2ee4c4c901c30f9d10ef14bb8fca36755866a776232271a785be542968b9fca9d3e16c546394403f2c311c04591fb42dc48915cb6dafe6a62eddaeb150d9ca2dbcbe1c5770992d547c059ed3a1f55da5ef8f1fb56e3339c3637d4ae9e0dd2d9cabc628b06051eaef1647955c2c0e3ba6d2d03fb7c787fd20033d5dba6b277fb0e3fee9f5f093db69adf72953dcc9823d46f5ded8723cb201a1489dbd183f731b65db55b40ff4f45037f0c3e117688b4eb79c0f4b76b84af4f73315505434faaebeb056db0e836967b891f6fac1f70d660ad12f15fe7ad110d8a9413f85ad856d5091f05a78b71664443eec921a8cce2353b1aa8297d880d3ee2221f719d02a3cca281f7dd8b852971dbcebfebbf0c0aa231ab11cba3ca108464fe1f89068210b0201a18853703e1c90d69f64cf1a031284b1f604d3b1ed710b363f486aeb5281e615d076e2438a29fde42538997140d82f1f8bd683cdab49a8690677a262e4385fcdb9bf0716d5e3e27f4dfa9f38d020ba281e77b33d0531c9117825a3494e2c11af10bc80d67c7989e35616778b4ae8370ac63bffd10d684ffcf44c34b964f42f1783ddab3f8fa9df90e730d3043f3510b3545d2b6a0aef0acc13ff6b60b1677f155a34a47f047e26e741eb32ee86d8bcd51668563ae60bc55c6c043da3568e64503a3f026023dc5192c21944734b0eb10178a37c1d49f07a2aa4c8eee41cf4c8882d72f1a843a0c145de0646e9311aa1e285326634f3f7186a8f1b8fd786ce46d528c07db0709332495faecd56c195bd1671a320ff711c460bd893a5f23cf398f71fc99b4fa00db75eaa8f0c6f7a258b769856921cff4052b43957f1b9b3ee66ec73238f5dfa9fd42f80b444349d2692cecc88d71191a7c1d0acd47adffc7a2817f3cf023fef140d69fccba9069d09e94c80a9f2b0eae541e88439a9dee5edc068b58df2cb890cadc303934c7b87f25feb354c085d02ee8d07720060e5487fee8edd31ab525e3c2d17f2dee494fbe39d1a078bc115df8f4b2dc13537684e176c21d449fd882d93dc58fcaf0506782e46b5a0ed100652a8e8ee63b40c8e03a7031769d8e40e8b13f30cb8f4f51dac06b29dfd580dc9388779cbcf318c347272b75c7ae144baf13cba281ffae6b48ab454371ec1271a4f7bdc5b86dd6ad5689a49d7ec287b3ac3b6dd07379117869d1c0287982dda31b096592d93484df1773b1e2f78d58ff6b20a60df516fa04be0b8cf7bc0bc8d07de35a140d0c3da354120dc5b15822cc3cbc87c5e62f16caa49de20c8875276ce0176bb6bfd486a1330ee19919bba5ccc717bc64f9d4b0ebfbfe3d7e3c0b2e6360caf3a8e0d20471bb5016dafef6482bc25e4071dc2a74b5178fabe6f91102e60662f9d24598356e003c856b93a1327b5f24e814dba26860e809d9728906d66ceeae10b7c4e4a3fbcc480b3639f4ab35d82ab5ee69b2ded561f0d8df709bbf785e281a18053158d09ca791c17d56a4c6982e791484417cf30d5e2e174ff41b3b030b0203b1784e003eee584f8c77fc106be2b595f46f8986dcb323519b9dd7b1c7217151b11954e9873154f84e4c35741c331fcb0267e1134ffe613b766cef9d066dbe044f768f16763de4efe4867e5f60ee8adfb171fdaf089c3614ded5c5bab1f39e870bba0fb346345486576fed3d19d0b707ba7aba096b25f871557c57e05a9ece7dfe1f8b06de9ee25675154414af0fcf8f0230377039962e9a8571033cc57548ec1afcd726b0946aca225c0b10b3405cb325739f854813cf2df1dfa4028a0653c11e353d7c3166d9513cd0f16334bba6813d140f767d8996d20b450cb668d87b1e826376a32ff7e16c2e7d90a83ca28153f410fba676414d4dbe3cb8a2f792b34815fa08120dc43bce4b7cdccdb4686030437aa964488ba2a11057678adf3d69f9e35da391415d5419473058d886b019be3734685f4534705439b8f9e74cf46a2a1a23da20875bf7afb0f2e4136d9fa0e645a281517873a964948aa2a1f0ea4cf183922d7fb4bc63902a0347063b096568f6fded17f49752e0fefee6ecfc321e7f35e225cba7a100919344e3b4f24721a68dd09c53a2ab11132646f7d1222ae4de0ac2241f5761af7cbdb2cbdde03fe36fc40b1fdcd4f222d1c0dbeccda592902da768602f246cea2cba75b88c3ea77189d2476bb0bd30541d0ee13b6d65110d8cbcc86f84ef5ef0b635ffaad68face4d929fc30a21d5c0cf397558147bf39d89b50a03792fcaf89865343e1c4cbd5759f45d1c0dfb1e9e717c34f98ed53071b34e8b51867d34c19ea2ae4dcfc13337b35d5ee382505b95b777cb5f2249e183ecc1ad16022d8bbc0bde3604c5f7f114986cfc4ff5c343054b9b81534093eaefc43823ae56441eee68f197fc743ff31288b6860e445e21b77311f8ff9574dba8912ff3d2a8e687803a88ad39070351ca197aee17e86a5375ef951163c476c5438c2a2629164f0622208e25d4189fca478663c8721f2c67d24e79a5fe740fc7b94e63c456c74182e5c0843d4eda7c8a1db644c69369ec64623fc622822af272029dfbc00f977e06b0e3f40cdde8683806650e621f15624c22ec52021a5a84c2e34cafc24c45f8d4058e40ddc4fce35bfcee1ada414394f63111d760117c2a270fb69ce3b767d4445e09d160d0441100441547c54395108f4ae892eeb1f91b14b101514120d0441100441fcab14df0bc2cc85874c2cd82608a2a240a28120088220088220088b90682008822008822008c222241a0882200882200882b008890682200882200882202c42a28120088220088220088b90682008822008822008c222241a0882200882200882b008890682200882200882202c42a28120088220088220088b90682008822008822008c222241a0882200882200882b008890682200882200882202c52714443d10d2c6a531972b95c2fd839548673edc668e33712f3775c45a6424a5f1150a560770f67c8abf7c3d16c29ee7f48d18d45685359bfbe8460ef88aa2e0dd0d27704e6ee884196523a8020fe05945957b031c0174d9de59059d9c3c5c31f13365e297bbb5466e1cac600f83665cf9acc0af62e1ef09fb011574c64f0cae72208822008c22415473414c660969b0c32991ceede9dd1b9330f9dd0d1db131eae55583cff4d0697bebfe3768174ccbf8d2a19db3bf07275c3812c29ee7f4861cc2cb8f17a91bbc35ba82f2974f28697475d66608975e63ee93432c86822fe0df263f07d3b5bd60e1dd062f014cc9f3709033d98412fb346eb8551c85349e9cc928f98efdbc196b5638716833165fe3c4c1ae821b46debd60b11a59bc12b9f8b2008822008735440d1d0057b32a4380d4ae4dcdc8a31eea211ec36e902b22b8401a04269412e72730bf06f4c80684443973d30aa3256b6dcab2bd0cd81d759532cb85124c513c4ff8a523cf8ad03ac591b6db9e43a345abfe0069679594366d50ebf24944891a6297df01b3a58b336dc7209ae6b33c08d655e2c5f2bb4fb2501620eaf7e2e8220088220ccf39688069192fbebe1cb8d60eb0e58f7a8548c54162233351599050a28f31f21e2f8715c8c4d970c091165fe535cbff00f82f7efc7e1939148c8d0fdb504b9e9a948cdc83730fc4b9197c1e2d373d9ff7451a23093c7e7b178158ab25291929a856249c4288bb2909a9a817c9e992207f7234fe270f07184c5e997499792b4585c0c3984e09351789ca7e499208b5d53869089792c8b064e012227d5138496e7dac7fad7a72a44d2ad8b381e7c0821e7ae21b1405f8595e4a66baf4387d2bc0c169f8e5cfd4a61b7215388cfd38b2f417a7c384e1c3e84a36763f0b4c070ba43aacb4c26ba94f97814711cc72fc6229d6cbb0a8ef8ccf0765f6449bc97dcc58a16ac7ddaf5c0be34fd8459c786c089b5cb664b62512cc5195382bb2b5ab0f66b871efbd2d8d3a643d6310c716279375b82589ec12b9f8b20088220084bbc55a201c8c3c52f6b0a46b0f7a6a78211ac78b20e6dd9dfee5357e3ab26fc781eaa63e4991ca80ae210f4553b5413e2744335749c791c293c83d27b58d98ac5d9f5d4333654a9bbe127e769bdb1f1a98ee59cfd0f865691c1aad3163c2d35744f52e2d9e6f6ec6f374c0afa09831ba8cf2786ea3e8b109aa963389726e1d8ec2e70d6492393bf8f312bbe454bf67fd769d12894929ae2c5a2a118b7173715f26df5cb7d49fc289115b51ac33decb4e7e4c1ba2106fe1026b93195e2deca562cde0e3d758d35552a76fb71770f56ff1bc5fa17c9c63f43ab4066d5095ba4ba2a4cd889002f27837334c2a095915aff72c513ac6bcbe2dda762f5574d34e9aa8f3c831c29095101c93d8b11d5f8bdea80edc9fa06ba1e19fbe16fcbd2b55a85078622337113dab37b6dd5651752cc669181fdfedcdda815561967804ded59de565db08b67f0cae72208822008c2126f996800d2f77d081b6600388f3cc724845634c898816fedea8f71df4cc7179fccc1b9ac3c444e6f2818a10d86af4248d41ddc4bb889d03d8bd1a7163f4f6d8c0fcb673994e04ea007fbbb2a869fd29aaad9ff88a393dc70ee75205d6338e79d1f8d1a2cbefdda475018ad69508b061e6703b7010bb02de402428f6fc6d48e9584f886b3ae4a42a008b796b615dc291c3b4e43d0859b88bb7e0aebc7b5d6ac457865d150780b812d795ed5f1d9b95c21aa38fe177cc0c59075338cfce508a2eec421e6c43a8cf7e422c206ed026f08ae1d257702e1c1f2ae3afc94d68067824918dd65f176bd0e205d5b29185d83c5b75f8b474c3328920f62444d9eae3186ad38822b77ef2336742766fb546571f6e8b6467229518b06191322d6aef01ff70da67ff109e69ccbd21f55262a16f91198d6a60e6a361a8c0306a3faba94c42f17da905defa34c561a907302831cd9bd6f3c0f663de74ae2b1dc83a5b1eb6d62a3811c9c18e428b4b1792c83573e1741100441101679eb4443deb991c2c8bc75f703c8647f6b44834d67ac57bb2c71587ef3bdaa40de601222b836d0a042f2ceae82b1de7af54361b4bce8c63c34667fd79d7049f285ce47f8b85a4c88d416ce55fd3351a070779f4b13ebb232b6c1aff7d9b92c8806b9cf163cd199a0503cfa4d2c67ab5f201c9a19828fabb0bf6b7f89d3593a8697320587863a0b79945934bc3703dbf6edc7fefd62d8b7672736af9c83e16dc5917eab3681b8c58d255526423ee68bcaabe0a33d497aee4aaa8c93185b9be565df137f252985ddace635667fd79d804b9283787ef838d462067e6d67165ffd339c132b05059726a22e3b4f9b5ff96c4611ae7ddb989dc31e7e7f3cd17789ca0dc7645776acf3a738c92d3b8d68b041e7f58f0cdcc088b79dc2ab33d180b58b6a23ce4294ac3ae45dc4182e34eb4e42a46601820185573193cfd6551b81b3c619e0e2981aacedd4c52496c12b9f8b20088220088bbcb5a2c1cac74034b4fed5c82dc11805f29eddc09105e208bfc7b23871c4bb301ad3b931ebbe1037b9d373d175c16076e8f92b16b766f16eb310c3adf7a218cc6ec8fe6eb10277f981164443db758606f3190cafaa3d47dec531c28c45bd4991da459b127917c4dfca2c1a2c04970fa6e1e013699140fe457ce1c2e29d47690c7e2dccd89fc367662a614008b7e80b113ddd95fded8e8562a5e0fa3c26061c7ae2d7c5ad59bc1b6689958298d9fcb81658c12ba5240e4bf9e8b0dc0f7b924b505a5aaa13b2113abe364b5b0713b812d18886d6f8f5c5378f78cb288c9e0e57d6069d479d9744b70ef9a1f892cf46d51a87703d51af83fab964edf5bc710608155c156b611ccbe095cf45100441108445de32d1a042da6e1fc1e0571b076ad160e3770846bb9eaa7271e7d04f983ccc1fde1eae7016d6286883c752493430b33d22a00e8b6b2318afa5f77e462b99153afd711fd1b3dc587c2bfc7caf14c5b1dfe33d7e5ce01d7141a559d1600ddf4306a5c9bb80cfabb3b4828b04bb8ebf3a0b65f0fced91beb86094de5b8916ecb7328b86c613f0dbb66dd8a60edb7762cf9173b8f6248f9548878cbde866c5d2b75809763946a4efee2294492d780a22025087fddde6d707cce0bf879f5bf1b51c7fe07eb478de563fdf4369712cbe7f8fe5e911883bbc52f2ce61249f89e0e5321b6ce1c7eb472d1a6cfc60585dc4db4ff1ed4568caeeb7e3a013c66b54724f8b22daed1b5c35d7c88b6f63515396c671104e186780d3c3b9bb9b1bbe6119bcf2b90882200882b0c85b261a72716e347749b042c72d898241ac160df25e06becc8a641c1ecb0d7e6e743446a77e2331f1db1fb0e940186276f781038bd78a0666eb0a6b156cd075472212833e60c2a4397e882f61b6be18dfedcfa7b8fb335f1cac1e796798150d36f00bb6241af8ba4d51fcb458c90c6f29899a92b8a5827ff6ab2f843620f3203eb461e9dfff519c29d14385d49d9d84faf2daf054141bd25a059bae3b909818840fac6568fe433c4ad8b508f1ddfec4d3bb5c60c9e0bef0a628a4d48b641dbb62e6cf6bb0668da9b001871fb2d46ad120eff5af7c1c8f78b3a89277a0136f9f1d829064b0f44195fa17ba7001ebb55ecf8d4f0ff67cede8c4d2c83a20c83803fcd5c58afde685f52c83573e1741100441101679ab448322713b7af02d576dbbe28f44f1ed6f4e3414dd5c8026dc88f09887c81c5d2b4285e41da271dc2cf08e463420fb24865595c1a16f10760c7084cc753aa2b9c59e7918fd2ac95079e046fce8cdf26b381b31eac594af201a0aaf7e2318fc553e3e6e3043a24246707f5462bfbd76d1501089897559faaa4371c2c8482fc0e5c9f559d92b63b06658371b27875585cca12f82760c80a3cc15d3c54ac1e17e9520ab3c101b7ff466c734c46c75a514c7624933760ef987f83bd5c07a63f593fbe03a6ede4b461ebf7d241ade6dd46b126a8e45a8815b907a16ab4e4084917b9e96425c9dd980b5af9a186b9c0102eab0bceb04208267f0cae72208822008c2126f8d6828493a8d851dedd9ef3234f83a14b9923d6a4e34e49e1c82ca2c5ebdcb9286d287d8e0236e37aa191d17c8c491819521b36b8ae64eecb84fcf880b2a95cfb1ed036b66d8d6117653729d1aa535e45f413408eb26f8c7eae41db1f2b6561aa8f2af21b02d3b1f3fd7eb160dc8c1b9312e2c6f07f86fd15f78ac4c3988e1dcadc8be27fe4ed63a35651e19c8ead10e4d9b3b090b98cf889582e7dbf86c8c1c75f86e4aae5311a529a87a8d830c6d96ddd22bbf2afba2b8105ad6062bf987b64834bce314205210a2ce18169c2ace5e7194e90819c9670c6b637ca8d10a043d0a2227a33e6b4bcec38291aacd00e9212385753fb5c7874acff7ab9f8b2008822008f35440d150195ebd0762e040310ce8db035d3ddde0c88d6316aaf8aec0b53ced08b639d1a078bc115df8beed724f4cd91186db0977107d620b66f7e46b17c4bcea68764be2a890b6af17ec85dfecd073bf7a9bd55224fcc43f30c5e3a505bc6a5e4534b0dc33cf7e2dce86d837c7a0c9df2170c144f46b2a7e078187d72f1ad8d53cde8abe7cd726597df45bb80327232ee1ecee6518de940b15393afc6060e8a7ed432f7bb13c763df76bb6592d4df8495877615c8fac165282318aefc424ab86ae53d6e1c8c54bb810bc16133bf02d32d9758d3f854c9e0f8986b793bcf318538fddb74addc56f2458a0f44910fa7061296f83f16b43101a760ceb27b4139e33c75e5bf15847b9e6878e83ab950c0e5d83f05c6df5973e41501fbe0b981c6dc6af454868188ead9f8076bc4d3af6c2569d0cca732e8220088220ca4705140d2682bd0bdc3b0ec6f4f5179164e08b6f764d038af160d797682919bc62b045c3def3101cb31b7d2bb1bf9b2f479c4e7ecae49de8ce8586c107dd8a6266a3213fbee6585cd41dac7c25d1c02945f2d915f8d4bbbeb0c64266e58cf7077e873dbb46a03afbbbd1dcebd02435c1cb88062e56f2ef0421c05bdcd655136a7863ccda68ed87d7d42893b1b33bffc096c107ddd43b4971d711bd4a11297e7400337dc5af516b436d749b71008fd4d33b241ade4ecafa71370115b2a357614813b10d89c10a6e037ec425dd0f1d32f22e7c2eb47b59fbcd78a6f3932a3b1aab863481ade67819acdc06e0c74b99da190581b29f8b2008822088f2517144c31b42559c8684abe108bd740df7338c56fffe7b28f3909c926bb4731227fb685f6174b4edbac7267f7f3d2891ff2c1651e111b81aff1cf96fc4a652a13835013111a1088f8e437201196eff5954454889bf82f0b0cb884d2a3030f6cb820a4529f1b8121e86cbb149b0d8945ef95c044110044118f2ce8b860a4bf651f4b197c1da7b8dfef72594c9d83fa41a64b27af89abe444510044110044154004834fc5b2853a52f3f5ba151ffe958b1711bb66df81153fb888b882bf7dc8487e4834d10044110044154004834fc8ba8f262b1fdeb0fd1886f23abf6c1aeec8e1ed377212eff45bee204411004411004f1bf81444385a014f9192948c92878836b1808822008822008e2e520d140100441100441108445483410044110044110046111120d04411004411004415884440341100441100441101621d140100441100441108445483410044110044110046111120d04411004411004415884440341100441100441101621d140100441100441108445483410af19158a521270e741264aa5188e323f190fee3f455689146188320f4feec4e241a6ee51159c9274dcbf731f69c5d2df044110044110ef281548341422666e0b38ca5df0d1b16c29aebc289173eb288edc2b92feaec894b5ac2588fbd11b55e472c88d821d2a3955477d8f8e1838791d22d214d2312f813207b78e1ec1ab569d32ed38bea8e7880eab1258c919aa3c5cfbb90f6acb6490f150b91d26073fd313145c68a41f1d0e679b56587ee72db2c08b6e61494b07349e7c01d92a298ed0418582bb7b31779027ea395a43665b05ae5e83306bc775e428a5242fa0206a217a77f486b7b771f00908415a19f32108822008e2d5a840a2a1005153ea33c3d21abe87b2a4b8f2a044dae111a823b3479f9097151dff2bca53d662dc5ed45430b81ddbf6c590214374c220f4f36b0f377bc920779f820b592f61bd2ad37078441dc8ecfbe095aa4e9585335fd58555c319b89c2f4615dffe1ecd59d93ca686e07ed24d6c1b5613b24abdb0ebb98eb55774138b9b5bc365d40964be55c6b70ad967bf421dab46981e9127c5116a8ae27e45f74abc6dd646d751d3317fee440c6826179ef1d60ba290f7c27b5d82f8e5cdc5b62db7878383835e70e9f127749b1141100441106f8e77483428f0f8774f76bcdd5b201aca5356ad68f0de96c4e48631aaeccb08f4e6c6980ced7f7b60308a5f06148ff1bb2733ccec5e4d3414ddf80e1e3207f8ef7c2e9593197d3f70a3af3d36278a3145d7e6a021bbee5ec199c2df5c4025efe98f2a726ffc7acf9cef5205a6f421d676b48575db95b8fb1616ff8da14cc25f3d1dd8bdaf8771a73234ed5695771973dc595bb3e9823f125f34339685237dec591e1db0f519a90382200882f837a9e0a24189a2ac54a466e433339bd9b639f71179f230828f87212e5dd74253a1383b195797b760c7cbe1b7f31e5252b350ac37925982f4f8709c387c0847cfc6e06981a111a24461263b57660114ca7c3c8a388ee31763a1771a46497a3cc24f1cc6a1a36711f3b440630ce9a344eee32b3873e420828f9d43cc933c9d746529ab2e2f160d9cac9001a8c4d238f43f861c294e8d32ff29ae5ff807c1fbf7e3f0c9482464e85c94aa18d9c957b1bc051fcdf5c3ce7b2948cd2a66a5d4e54575c750a5e1d02027c89c87e31f8de62bc0e5afebb17c7be3a824464a1fae466b564eaf0d4fc56b29b882598dad5067dc79a372bf0865511652533390cf1a87aaf01962ce1cc5919311b8935a4e172776bf9f5ebf807f82f763ffe193884cc8105dabca840a297b7bc34156039f9faee862f5755082dcf454a1cd16599a2928bc86c0decdd1b8cb0f88d5bb1d529b60f535e6a2341d658ea2eb98db88b5cb063370a5508a2308822008e25fa1628b06e5336c6ecf8c06b74908fa69301a3063537055104275f82c0a45a6607966e190afb5ce6f3c7c80dde9422e284cd889002f66d0eafe6edd08835646224b6dff2a9e605d5b16ef3e15abbf6aa249577de419d1982d4cc0ce002f38e9e6c1cada68d04a446a326126644e3456f673d54923861a5de7e09f642e7d2c97d598b2880625927776872d4b53ed9333c8956255057108faaa1daae99d8b876ae838f3385284e21c82afb5c1ef1fec86ba3865aa3b86e2e91674b191a1eab0933ac6bf7aa6a1238292440bb3e8dab768c4c4528f837ca64181a75b3f4425fb6ed8f8b8bcf3234a3cdbdc9ee55d1f6356cd46d7aa3ae5636da3f3f44378fa22cb5f5580b8a0afd0ae9aeeb162a8d671268e0b15f46254e907d0cb9e09b65e7b9062c9907e17c83d8b11427d75c0f6e497b8584522b6f9f059b1f7b13cdef20d52a5fe0d1fd6a6ec7a0723a33417cfe3a271e94a3c522caa158220088220de046f8768e0869c8d1b062cd886900ba138be792a3a0abed20d31eb2a1f8254202de614764c6cc4e2acd06ec9419c38731529cc0e55241fc4889a3c6d630c5b710457eede476ce84eccf6a9cae2ecd16d8db460572d1a98412bb37685ffb86f30fd8b4f30e75c16548a641c1c5193fd2643e3612b70e4ca5ddc8f0dc5ced93ea8cae2ecbbad41829009bb86690d58baaaf05b740097e31fe2615c38764e6f0f3b6e880e0b4186ca7c594df322d1a044cecd2d18568797dd19c38ea64bb304f9889cde5038aec1f0550889ba837b093711ba6731fad4e2696b637c583ebbee34c49cda81897c44d7aa1d961c3c813357530417a732d71d2bc3f3ed5d61c3674ef6a6e9cd527091d0446603cfefc2909af70807c6b27bece08f3f9f31833c370c13ebb3f24dbdc44a5b5ed4a281978fdd9751eb10fa30054f620e607eb72a425c8b45d76169803a3f723a1af2e31b0cc7aa9028dcb997809ba17bb0b84f2de1f8dae3c3ca562e6522367bb37c1cfae060fa3b6ed0e647605a9b3aa8d968300ea495f55a5528c97e8ebb970fe2c791cd05715b7ff461a49856c01a0a2227a12e4b5bb9ad3f3c9dc5fb2c04eb06e8bbe42c52cba6e90882200882780dbc25a2410e9f2d4f04172511051efdd65630205afd725ff2e137b54ea008d7be6dcce2ece1f787eef18cdc704c7665793b7f8a933cb94634d8a0f3fa477aeb02b8e1db989dcbdeef0f3cd1cf04e193f9ac82333ee599943ec4ead62c8f6ac3715ad7d7a6381eeb3eeb8761b3f6e2b1a8505e6a4d83ac5653346fde5c1b3c9ac2cdc54efc8dd551eb69ff88b3079cc218ccf7aa0279834988d0b37c5548ded915d6ec98d6ab1f8a7562724d4339ea8ed5c399e15c4834c577b70c5c835439885aee8f1a42195990bf8f71fb9eb2fa2dc583df3a42eed8033bb88028375ad160d3710d749743a872433189891199d3201cc93067d8162266be17aac81b60927e054195bc135df9ec4bebd57858a6a215e0f264de766b2320a2408a2334a892b1bda374ff59b0f208c0c1272f7221532271b3b7744c43f49db10a41bbffc296e501e85a43cce7fdb99741cbcf09822008e27fc35b221ada629dbeb58edc33c385517ef785379959cd31618897c461a9073b5eee873dc925282d65a6aa266423747c6d96be0e265c62869e4634b4c6af0f74254309e2967ab07839fcf624a3442f8f5264878e17b613ad33e112bb826c9c185e8da595a156f789f8e9ef8b48c8323585f092a2c1d9158d1a3562a1016a09332d3c544797f13f62cf95543da1631a05f29eddc091056d05d1e0b12c4e9a6531211aca55778fb1961f6fd5d5ac9b5549c67ddc88b98367d27a0855d6298caec9eedfb731cc7c5721f7fa664cf06f0df7c61ee83c3c10ff3cd3510126518b065bf8fe9daa37bbc10541f4342ee65cf0c58bfce60d50e43dc38d230bd0968b068f65887b5131049478bac14bb81f9d77a64871840665366e9f388a13270f63ebe28fe16ec5eab65217fc78c392c05220e9f42ff8266032565fced6bbbfa58fb7a1776596876d57fcf1f46504274110044110e5e5ed100dd6be5047a9c9bbf039aa3323adf1bc1b103f2d60c210cf3b8791ba6e0d26832dfc78e66ad160e36770ae3c9c1be96ce238fd60eb7708fcb0d2670731a135dff145fd9b2deab51b88c9ab8ee34181daf47939d1a0e79e549a86c8d5fdc5117cd74ff0e7431323b7aa5cdc39f413260ff387b7872b9ce5daf2f2e0b1d48268284fdd15dfc442be234ea501385ea6d5cc4c88fdd006365506625f8a12cad4c3185e5d06799bb158f6eb427cdc90e5e53e53b36dab69b46b1a265f36343e9911bfb19d50c62e7bcc2e166130b172e7107e9a3c0cfede1e70751677a0d2048fa565140d40e6011f58b1635afe7c4f8a214ca344cac16170667525f7d98e97db14290f1746d760f7c801fd8f9577f93c41100441102fc3db211a98211fac67c8975134a8176d3a76c5cc9fd760cd1a5361030e73835b2d1ae4bd343bfd88e4e2ec083e7be088ae337f3671bc18361c7e28cd783054f97814f617564c1b0e1f0fade0b069bb08570543f83588068e2a0fd10b5b8af9bb4fc345dd2f8c29927178ac9bf89b636374ea371213bffd019b0e842166771f38b0788ba2a13c75577c1b8b9ab2b4f6fd50161b4e99168ca1ce5668fefd2d76754a246de7ee52cdb044da66272ff42bd49255c5f0d3ea25dda6d08a862951862b1758fdaee5f56b8dee07d45bbb1aa240f2e1b170e3f5c3ee6de34efd3072e2b7f861d30184c5ec461f07165f0ed190b1b7ab50d7ad563d906208b3e49ec630be70ddf9339c7f29ff22f64c2c7e4fa8efae1645214110044110af8b775b3414c762493376bcfc43fc9d6ae8dbae44ee83ebb8792f1979dcc3c1ac682846ec92662c5f393e34728361b9e43ec0f59bf790cc33519520fbc96d44df4a67a551a342e1939398d7d686e5511d9f0956d26b120d9ca2db58ee25eec6543fe02cd4df762bbab9004d589ccc631e2273744bad42f28e4e42fa668177cc8b86f2d49d32119bdab1b4b24ef8f385db0715e1c6771eb0721e8ea3c2a2e1425c99d9809da7070e4be7563c5e0b4f56beb6eb1eebd4a3216ad12087ff3ef5e26f3579b8f8850bfbcd15d3a2cd2c852eba89054d78993d302f3247ef7855f20e74e275d72c1077ca241af81a1b51a474db9d26c5fdb7297db20b9f7bbbe3fd51c78c3fd8977d0c1f39b2faad1d00b34b404a13b177420f74ec3a1ec78dd6a5e4e0f4275cc8d7c4577c313f41100441106f9c774a34887ee5b6f0d7242e42cc6c7107a136cb6ee9eda4a3cabe282ee695b5c14abef59159d1c07289992deeb2d366196ee967828bc2426896ffca0494649fc0d02a2c5dfdaf11ae3782caae6daab8607ae43951341897d51c2f100d8ca29b81c2b70f6432374c0e150de0dc93435099c5398f3ca7bf58b4f42136f8888ba735eb41144fb1c18b1d6febaf53cfe5a83b8dbb4843cc8e11ef863994cfff429fca3668fbd35d51b0b012dce2d767e38bfd1942044a137e420b7ebd5bd51f8933857621b4bcdb063cd459d0a148da8bc17c96a4de245c326753e69ec410ee17ef3c12c22dd1508a871b7c84ddae64ee0b7153337d64897c848fe33b2eb962aad1acc77f94dc73f89c2f5896fb60e323ddd536a578b2b587f04d91aa438f5bf8023813069ff2593a397c363dd65baf53fa6833fcf94c50edaf70c1d264144110044110af8d774834009907fd216771f69e2331f3bb0d88ce564199128c51b5591eb26ae83a651d8e5cbc840bc16b31b183a36070ba8e3f251a2e164403cb04c1a3f8c25f19aa759d8275472ee2d28560ac9dd8018e2c4ee63a1ea7844cf836a77c2b55195cfce760ebf170445f3e8f032b47e13dbef8b37e002e48ee3ba6ca6a9a178b065e77310bf8f710d839dc67219219c18ac71bd1c5965f8f27a6ec08c3ed843b883eb105b37bd611d3b1202edee664e2a03ff7e7b787e7c899f86e43347871ca5c774ca6a4edeb215c4fa7adcf2c18faf9889ac18448cd3138ad9e1261e49c1a8e6ab21a1819c2670c1478b2a53bcbab09e65db72440b4a241b8963e0b1074ec1cfed91988216e3cce1983fe4ad4cc54e4878e832bbb070e5d83f09c1750f1181bbbd8b27472784ed981b0db09b8137d025b66f7441d294f599d09e0ebbc05f24331ced50a3287ae081232d0a1f40156f15db39c86e09f174d1cbdede49dc7987aec5a2b75c72e8bb34a2578b0c15f1007b28683f0fdce93080f3f81a0f97d519fc739f5c2a607ea699c7c848e738595cc015d839e4b71ace5c7ff8a2e762c2d13c30317edc03f61613811341f7deaf2b83af8f44092e6fe1204411004f16679a7448332f31cbef1546f41aa1df52d7e7400337df9576879bc3ad446b71907f0483d926c4934708a1fe1c04c5fd4d3cb4386dadd66e080261346e15dec18e765f441b5eadee3b13dae40e30663aeacc694453430f222f10d5f8cccd279ccbfca6ab3180f767d8996f6bae5b045c3def3101cb31b7df9ee4bcd974b3efb4a649efb069e8281c682eb54a88b53a6ba63a85276a3073b977deffd30b77dbfe2f166f8d8cbd1e9f707fa3b3d15c763cd875c88d444cbf6cd50859dc3edcba32fd8c75f2d1aacd0eedbd9e829881b29387b63dcd658e4eb9443dd5e64ed376b16df163fd8852f5bea2e5a97c1b6616fcc0b8ec1eebe95d8dfcdb15cbda821ef023eafced3b4c76683d5bbca67dbd0c55a862a43422c8c9cbf2394e7e36eaa1c5c5dfb295a6876fa1243f58e13b0232e5fc7252c0f173eaf2efcd67ef333298ea344d6e5d518dedc41ef78599dee98b9ffa1e6b92708822008e2cd538144c36b42558ccc27f7f120310bc57a368d0ac5a9098889084578741c92a5ad3fcb8baa3815093111080d8f465c728159235e91f71c77a2c3111a711571495ab1a087d9b2be3e54c56948b8caca71e91aee67a847764da32acec493fb0f9098556c50de32d49d2a0b274732c3cfbe17f6981c815622237c35be9dff076e9a72192a7e86d0a01f30ffdbc5f82df836725e787bd4a2c1067e5c512ab2f1f0da255cbef518d92fde7b560bbb07690957111e7a09d7ee67482e53e54181a79b3bc35a561713f47dd208352599b87f3514e72e44e25662bed967c63ca5c87e7c03916111b8129f8cc237f4ac1004411004619e774f3410ff1ac57796a1b5cc1ade6b0c6612de0806a2e1dfa2381681cd65b0edf43bf43eef411004411004f10e41a281787da8b2717e427dc8ea6ad76ebc392a82685021e3d827a86ee58ed951b48b0f4110044110ef2e241a88d78a32e314021a5442dbe577c49d99de184a24eff9080d6b36c5a853ffd207be0a6230cfc301cdbe0987deaeb6044110044110ef18241a88d74e696e2a92d2f2dffd9d6d1479484d4a433e6de14310044110c43b0e890682200882200882202c42a28120088220088220088b90682008822008822008c222241a0882200882200882b008890682200882200882202c42a28120088220088220088b90682008822008822008c222241a0882200882200882b008890682200882200882202cf28e8b06050ad29fe2de9d58242466a1442545130441100441100451662a8e68c88fc0d74d1d2097cb2177e98d9dcf95d20fc6e4854e80bb034b277786efd64429568baae00142968e80777d3964329936547e0f3d266f4264ba424aa9a6083716b541657e6edd60e780caceb5d1b88d1f46cedf81ab9986c799263f34008d85f2e907fbcacea8efd10543bfdd891b39e6afcf320a3cded80dd5eceae3d3d3b9521c41545c945957b031c0174d9dd9f368650f170f7f4cd8780559657d049459b8b23100be4d9d219759c1dec503fe1336e28a890c5ef95c044110044198a4e28886bc8b1853436de0dba0ebb66730fd9ecfc5b9cf6b688440db754fa4781145f2314c6f238985aaadd067ec4c2cfcfe3bcc0a188ace75a5fcabf7c42fd7f2a09d782844cc2c37e137b9bb373a77ee2c844e1dbde1e9e18a2ad2b9642e7df1fbed02e918f3e49d1b09679edec903de525e9d3b7540bb56eea8692be665dd7a01a2f25e66eaa3140f57b766793860c0f11c298e202a28f931f8be9dadd05e5b0c9e82f9f32661a0077f3eadd17a61145efc08e423e6fb76b065cf8c438bc198327f1e260df460e2813f430bf59fa1573e174110044110e6a878a2c1aaba60a4db74dd8667a65443ce198c7466e91c44e35b4f3414ddc60fdedc6890e1bd2ffe445cbe8195509a8a8b81dde1c47e97d5fa0c4752d527d08a862e7b32a4382dca9c9bd83ac65df85de6360917b22d5b1f6ad1e034f4149338faa8f26e62b59f23cbcb065db63c45d9e62e7421d140bc2d94e2c16f1d60cd9e85964bae4323b70b6e609997357bd6dbe197841229d234a50f7e43076bf6dcb55c82ebda0c70639917cbd70aed7e498098c3ab9f8b2008822008f3543cd1506320a676b183cca60bb699500dd9273f6106790df41dfbbe60c46b45831249bb7ac281c539f86dc1e35229da105526ce04d4138e6d34eb0a930b1ccba241a0e43ed6fb3ab034d6e8b0ee113351cc63493470724f0f4355f6bbf3c873c893e23428f3f1f4fa05fc13bc1ffb0f9f446442866414a9b1241a94c87f7a1d17fe09c6fefd877132320119067692b2280ba9a919c8e76a459183fb91277138f838c2e2d20dcea34b09d2e32371fac8211c3d7b0d4f0bcc88a69274c4879fc0e143477136e6290ac825e41da504b9e9a94849cd429125fd5c72172b5ab067daae07f6a5e927cc3a364410efcd96c4a2588a33a6047757b4606ddd0e3df6a5e9cc0c32b28e618813cbbbd912c4f20c5ef95c044110044158a2e289869a637130a817ecf948bc918b5216fe195a15b23ae3b0ef376fc1c8d78806e5336ced6ccde26a62ec0523535c0fc5a3b5f066c7ca6a8d43783e8f29836860e45dfc1235f971de9bf0d4c2148165d1a042eade1eb063bfeb1931aa02c4057d8576d558fefc1c3aa15ac799389ea23ea129d1a042415c10be6a57cde85859b58e98793c459ad150e2d9e6f62cde0d93827ec2e006fa69abfb2c4268a66e8dab907b7d03467bb23ad749279337c3c8cdb1d06a874224ec0c801737e274d259371a8495915966dccc88b796dcb31821b4d30ed89e6c413564ec873f77c76bb50a0f0c54b6327113dab33662d5651752cc669181fdfe7ce6b015561967804ded59de565db08b67f0cae72208822008c2121550347c898b8f0fa08f830c365d0c5c94324330a48a0cf5be8ec0bd3f0c4443ee690cafca8e97f7c041f376bf48c91d0436636965cdb13c9e8faf974d34207d1f3eb461c7398fc4390bba442d1a1c071cc0938c0c64482135f12e2eed5d849efc3a9d87e0ef675ae5911f391d0dd931b206c3b12a240a77ee25e066e81e2cee534b2857edf16110f48d29d1901f89e90df9f534c0f0552188ba730f093743b167711fd4e279d61e8f30e160b568e0696de0366001b6855c40e8f1cd98dab19210df70d65569f68589abc45d18c0eb54e68e113f1fc595f8bb8839b6124305b1e18aafc3b8245220f9e008514c351e861547aee0eefd5884ee9c0d1f7eac7d37ac21b790778bfc084c6b5307351b0dc60183517d5d4ae297c383b50bbbde47912dc569c83981418ebccdccc38d2229ce9092782cf76069ec7ae3a87106383188bbf935c63c96c12b9f8b20088220088b5448d11096978e83fd98116bd3055b35aa41858c231fa1323356a747e7e3b981685025ef40476eb8d60940c40bd72a6762bf8f153bbe26c686726bba8ca221ef9cb89ec2ba3b0e644a7126d02c8436176c3c31373c5bc7dd829d7fbe17aac81b605284280dd4a89277a22bf7e96ebd1a0f058d612c1a0a63e6c3ab8a1c0d264548c24242958c9d5df9ec4b6bac160ed68a06b9cf163cd16a16281efd86b6bc6cad7ec17d61a4b608d7e6346269e5f0d9f4989d554b41d40c3460695d3e3b8bdca26bf8b6313bcede0f7fe866c8c80d9f0c5796cef9d393c6861cf1ce537875a6d04eaa8d60ed448ad3a07edeeb4e42a4b9e7b5f02a6672815a6d04ce1a67808b63f8860875318965f0cae72208822008c222155334e43381103c008e321b7cb03551746f51a5e3507f47c8dc6621a64869241a94cfb78a2e4765320c32b0b71b170d2ef8e2e24b88062b9fb289867afef874f4688c16c2e718f5c960f4f07615767e91597b2020f8b9c585d08abc67b8716401da72d1e0b10c71c2807d1917422bf2f0ecc6112c68cb4583079609076b4503af37bd73e79e11676adc17e226f7992abd8f9f5bb2bf6d3fc41ec3d164551132b38a84fb5212b75418e195fbed417249294a4b75427628c6d76679d499804b64acfde7288c9e2e8ac651e78dd7eee487e2cb9aac6d685c044d50188de9ae2c8df3289c37ce00a15fd6646db916c6b10c5ef95c044110044158a4828a066697661cc1479565b0f9602b129975aa4a3b80be0e32349e7703dc5c35140dc8398e8fb80b42a5010879d1b076c95dfcd09ca59535c312611565d944832a6d377cb8016fd288d162794d831219e7660a86b6acea501ccd501be42ae4de39849f260f83bfb7075cf93ef33c8d3a782cb5281a54b97770e8a7c918e6ef0d0f57be9fbdceb14c342cd5130dd6f03d94251ea826ef023eafced2aa5d38f2c32583dff2cccd0b675578b0f583e1e988779fe2db8bd094dd7fc7412760246fd5ee846edfe0aada1fce90e2db58d494a5711c8413c619e0f470bed6c60ddfb00c5ef95c044110044158a4c28a06becb51c86027c8ac3fc01f89a548ddcb174737c5a25bdcc837211a144fb0d19b1d2fab8380170c272a9f05a11b5f34597d14ce09567dd94443eeb9d1a8c1d25875dc2208197358160d0c5512b677e2657591dca314483e3c166eec1899cc118d3bf5c3c889dfe2874d071016b35b58df61493428920f63ac1b3f96194d8d3ba1dfc889f8f6874d38101683dd7df88e4f86a2c1067ec12f100d059730a10efbbbf6788ba3b3b96747a01a3f6fd799f879cd1aac3115361cc643dab6e63f077719ecc4db74872024194e56a5fe852e56ec37aff57a6e727aa892b143784e3a20c83803fcd585cf167a613dcbe095cf451004411084452aae6860641dfb1855f82e4a7f5cc35f3dec98e11c883b82f1694234708378879fb02b51a51e5bcd6fb98a3c44cd692a1c5b37204c72652883685024627b0f6e80dba2eb1f8916dd8a5e281a9489d82c081c493414ddc48226fc6f0fcc8bccd159eba063783563d76e523414e1e6822642d93de6452247ff60c9e86a8640e1e0728886d20758dd9afd6de383bf0cb79c298ec7a6899f2160f9493cbeb904cdd8b9e51ffe8d54836450e6e2c1f59bb8979c67b1be887714f59a849a632168631d0a22025087b59b3a0111da6f2a185188ab331bb0f6aa5e7ba443410402b8a855cf84bdf2b90882200882b04485160dc8fa0743abca60fdfe40b496cbf0fe0ff1d2b7044c890646e10d7cdf868f3edaa0d5b4103c13136b51e5e3f6a68f519b1d2773ea8f9d896a53f605a2a12409a71776843d3faec1d708cd35b48ef5b12c1a144839f1359a0865f808c1e92cafdc93185299fd6db42b1313081b7c0421a4596b60241a7271724865f6b733461a6ce954fa70037cecd8b132772c140e2e876840316e2f6ec6d2daa2f3eff7d959b51444cf422356a62a434290591083d9c2ce4d6db0ec96aeef870ad917c585d0b2362b411b28fd172940e4e4fa42db1c169cca5a9f84321d2123f922e6da181f6ac1cf8f51103919f5591b721e160ccdb718594ee921238559bfdae34325e1ffeae72208822008c23c155b34201b273f517f7ba0355626a84d5733a28151f264374637e2e965b069e8872fe6aec0ef1bd7e3d7c06918ea5d5dcccbce1bf32e64680d0b1dd150d9ab37060e1c2886017dd1a3ab27dcf85a097e5c155facb896a73713600a8d9fbf4b07f455e7c543ffdef0695d1b56fc379923fcd7de134590e2313676e1fbd1cbe1396507c26e27e04ef4096c99dd53182115cead594c6c281a1478bcb10b6c591ab9e714ec08bb8d843bd138b165367af29158e1f83a98201c5c1ed1c052a71ec5e8bafc78570c5cbc0ba7234271ec8f59f0e3f7c9c60b4b6ff1844aa4048f128558b5ae98b2ee082e5eba80e0b513d141a837578c3f95f9c23a23de22f2ce634c3d766f2b7517bf916081d22741e8c3bfdf216f83f16b43101a760ceb27b41304b8632ffd19c1fcd07170b592c1a16b109eab1fced22708eae3c4da911c6dc6af454868188ead9f8076f62c4fc75ed8aa934179ce451004411044f9a8e0a201c839f5a96880b7fd55e7a34de64503479573137fceec85a695d871fc587590bba1fb572b71f28964156bd08a06e3600f17f78e183c7d3d2e26956db8dce2e260fb9af0f01d8365471fa050c7de2a7eb00b5fb6b4d74b6bdbb037e605c760775ffe0d85e6582eac4b305ed3c00ec6ae2f5b8a3321ea60db10bde7052366775f54627f375f1ec712964f34708a1eeec3d42e7c971a9dbc5d7b63c9d9541d97a3623c3a3013bedc90d44d57bb1b661c78445fe17dd728ebc7dd0454c88e5e85214db82856b70d2bb80df81197f43e24c89be0e7a8ce7f6fbf59effb2caaec68ac1ad24410c6ea3cacdc06e0c74b993ac29f53f6731104411004513e2a8e68781328f391147f15116191b8713f19b9157da451558cb484ab080fbd846bf7332457acb2a242715a02ae8687e2d2b5fbc878adee404a143c8f45547818a2629374be046d002b7f6a420c2242c3111d978c02b2d30835aa22a4c45f4178d865c426151818fb654185a294785c616df0326f83963278e573110441100461c8bb2d1a08822008822008827865483410044110044110046111120d04411004411004415884440341100441100441101621d140100441100441108445483410044110044110046111120d04411004411004415884440341100441100441101621d140100441100441108445483410044110044110046111120d04411004411004415884440341100441100441101621d1401004411004411084454834100441100441100461910a2e1a9428487f827bf71e23b54029c51104411004411004f1bfa4028a0615f2e20f61d9173e7093cb2093a983356a7b8fc28a33cf5122a5142944ccdc167094bbe0a363d9529c024fb7744735b91c724ba1e6601c571f6282c2987968e928877dfd21d895a890620dc8398e21b5e4a8d2e11724e8178c200846e18343f86e687bb83ad9c2cace190dbd87e1bb7d7790ab9212e8a0ccba828d01be68ea2c87ccca1e2e1efe98b0f10ab2febfbdf3808aea78fffe0222c5028a6214b146ec0551234a506ca8c41e5b624c1435b6686234fab3b758a2c6168d82311a4d545450ac47695204d4a30816fc0ba21c40e0d00e0b2fec61f77cdf99bb85ed8025417d3e3973cc0e33736766efdc7dbe33cfccd599339022e7e65e78bbb7862d7b4e9858d8c1c96306f6decc617fd1421c8965837bc2c5c54537b879c3ffa5a109895224ee1d0cfb9af530f4acee834256701f47178f864b331b98b36794a9953dda7978e3d7d04cf604d2a4f4c545ac9ff8095ad8b076896aa06eb39e98b0361029dacf0c99180f8e2fc6882e8d616d2a428d3a0ee836e27b1cba95a7db2e2d4a13f762b07d4dd41b7a163ab595e6e0e65e6fb8b7b665753581859d133c66ecc54ddd8e654890766d2bbe766f033b4b1388cceac0b1e744acbfa4fdec250882203e24aa99682845d2d12fd1421009e668e6361eb397acc29a953fc2dbab13ea08f1b618bae7018a1539984580c8394d0451e17e2a47115786a45fbbb038664c34e9825e9f7c824ff484de837e4058a1228b1e8aa2e6c141b8a608b587fd01bdba21e7343c6ab0344e6b104fbfa804a141d1fd5fe06e2d1fcfad074fc577dfcfc0a82eb585f1da61e17564abdbac853158e95c83fdcd12ed47cec14f4b66c1cb891bd9a6e8b42c12056a22a33066259cf9b8b36c8f91737ec292595e70e2930ca69db02cb200ea7aa434611dda2a9e29169696b0540f7603f0c70bfde67849fc66f4524c5cf43da17cb62860755dd59dd75584c67d2763c1b2e558f4cd20b4e4751239625a4086cac897a69fc6171ff1f89a701aee8d1f16cdc2a88e5642de86e38ee385eab9528cf85f3e8515afab7d1f4c9aff1316cf1c8e368a762dd56a970625f1d8dc8bf7154bdbf704346b5b889895cea8c1fe66d97e24e6fcb404b3bc9ce442a7d33244aa772c130c497f8c813d2fc7b63bc6cdf911df4ff3442b335effa6987e31ab42f142100441bc9f542bd1208e5d8e8efcc7caa207965dcdd09aad93223b68093a0b3f5e9db1ee7e8922deb86868b7f1e12bcf8ea98b0691a83686fef14c6706914403411840f214bb3fe186755d78fe96802245342429f87b420316ef8059a105ca4824eee8015336d63aacbac546b502f16daced660a918933b62897f22489d8d183c5893a60d52d554a96742dba998a60e2acb9ea977366082c58b93d0e3cafbcc15b741babbbf26bc8c7bfa6682843f2de4f60c6e29bcfbd8e1c359b5b7c6b8d5007518b45881566364a706f451b568609ba6d882b9fec287d849d7db891ef80f951f29e91a61ec1404b96b7f1345ccc52d6548682884568c5ae65e6fabbfe890bd6b3b7577715fa4e9f689024ee400f5ea70eab50de5d62dc5edb8de53181f396f267a4f4c5110ce622afc9549c492bbf5861f45238f1b23b6fc623892292200882f8a0a83ea2a1ec397cfbf11fd15af0fcf385ae712e5082bb2b9d841f467bef50c81709debe68a8d9c15dbefa51db13879e69d5cc9868901521f56e10cef99d82ffd558a4880dce1312c43b4429f23333909e91836223b7b434653f7af071d3761d12b4c646e9c38d68c7fe5677dc45e409110fb0b13d4b5b7300fe7ea959684ec028d46669dbac8a634f009e7423daf37139e06f6826cd41c028be8ad106abe294930ac5b8b5b8398b6b8aef6eaa644b05142072495ba19c29defc5f2dd120cbc471773316df019b1f6b59d0b234f8f664ed103963ef336ef8e7e2ec60fe5c73c21a8d07841429bf7517caee79285d5841288a5d8dc16d5bc075bdbc9d2ac411f8b6312bb3fe1404e959192d885c22aca4b499e22d5f51d1100da578b0b13dbb4e4d0cf8fba5e64a454e0046d566e9dbac82bcbb2478b2bd1b4b6b8d61ff94af940894a5c27fe934782ff6c5038dca110441101f0ad546347003a39709ff61fc12d794938f7a90e6c4e346f453e4a96cf7b72f1a6c3ef747c88a8e4279b53d7da1a11bf48a06297222b7619c534d218f2a983683d7fa10a8261109e25d24ff0ac6dbf07bba077cd30cab86e2981fd08cddf775c75d46be224e455e00865ab0325a2dc31d6e8466fd231f471db72251cb0e97a6fc86eeac1c13d73f91ce2e97f58f87e06ad3716b223373d5511ae22670fd335d1e25cbc0513766e0d71c0cbf2c09f25fc423eac64d24a4171b70f591212f781e5ab2e749e755d178b84f6ed86bae34c8509c9984fbb7e291a53dbb21798ccd1d78dff4c441c1eda948f17caa85e11a86781eae7e6dcfe26d30ee924eef68509672106edc45a99daef892e505635e4b114c3baf42f4c37d423f698a862cfce3c1577b3a62ab6ec7e2b7ee2cbd892bfee41d2b7b8963fd585af3fe38ae526332480d7fc5044110c40744b5110df9973f870dfbc133733fa6357b5811ff8268187f05f945b7b0a22337066a6388af9a9b921ed15092b005bd053fe43698b8e50c22efc723267017a677e122c20cceab6f97bb5f10c4bb466118e6756e8406cd47e28491c15a1abf467069311f708299ae9a48537dd08b1bb8369fe332b399f9be039eb6e6603d9b78f3023182bbccb45882dbc5a54858c7571b6b62b09ecdc979812360cdca69b1e4b63c421c8e597c3f41adaef0e8622b3c13e4c1144d3d57e14a86a6d52fcbbe046f07116ab86c405cb114cff58a064330c11132074d79f99d7fc603c5f34092740823ed589c657778ff7a0a97affae3f7efdd61cbd259bbff82f8f20d5ae5c84a91fbe201224e6ec0c4b6dce86f822f4fa76bcefecbb271c9db01a21a2ed810570ce9733da2a13401eb9c581c134dbadd9587c011d6acec1658729b55a2f81616b760691de623f4813f968fec887a425f8950afe368acbef0424ba4110441101f12d54634641e73157e9cecbe0a52b81d5516e3a2c160a83d1caac3960ca0211af8e75b2bd189e7ad3504bec98a9f4f6dd1c07ec8fd47d761d7a883cf8ea5968b0b862ceb02a6dab3b41603712495961b88f79c82204c6dc0ee777357ec78a42edd4b90b0d945ee836f3154188745d10b04635b39d63460e54ca9cfd27e340be1e222442f68cac6970dc65fd19da12f089a82faac9c8f66850b9fa529fbe0c2afc34233cfefb0d5e72f1cd9bf0ede7deacb9f03ed162342b9b229cdc0d9c90d597d7be317c107a76aa241f2ec182634e2d772c4ac6b396a2b1965c8b8f4039c6bcaeba10a1f7be34caa7e335c96e68b9eaab42670f23e89640db7202932ce4e464391397afff2407067d22b1a8aa2b1a0298bb3190fddee2a40d014de0f1f6156b8987dbc862feab1b4b62ee86e2b8259f3fe98fced7ccc1aef8a8f847ac8858bf6e20a411004f161506d4443d6df7d61c27e98ea7f799dfd945505e3a2a1468bdef018381003b5c2a031ab71b382e97e6dd1c062706b5527a1dc5a437c20e8066dd1501884aff8aca2ed245cd569483162173563f9ad30dcbf02c54210ef3ca578b8ad0f6a7283b3be3be6ee388e8080bfb1737e3f3430b5821d1f37d69fe17c1e1f6bf385b1663be99aeef82f0cc6d75c7c349c86d0c22244cd776063c81693f4f83116067f8d06ac9c86d34285cf65a997b065a137666f8b40aefaa28824090707d762e5d4409fdff9ca61195e1c1f035b9125faef4954ac4e565e34943c3982c98eac8ea2ba18b823ae7cd3372be9c9c111429d442d4763e5a1f3080abe803fd78c87133fd4a1fe70ec7bacbb49409a7b0f81670371e1f401ac18dd4a78365ab96ec06dc533abecc5718c6186bd65ff3d4854e831fda2210af31d581c7b1ee976572182bfe61bd21b625a6821907f09e3eaf236b06bf5db81fbaa46c89077e327611f89a8c96c26dc14d1044110c40745b5110d05d7bf1096c2cddc8f2353115739fe25f724451c3f55655527fec35a0b837d9221d1160d59c7d197efcd68bf49ef2923997fc95754baee4aa6193be2fd479a89a0d5831433d58a50a71bbc7dcf6105779b69f00d4298bd5a726f395ab3bf598f08946f8c564769cc3a2e44745109ee2d6fcdcab1c688409d942ce938d465e5382e8c56c418a6e0fa97c2aa84e5b0006426fbc2b3b608b59593010295110d5264df580f0f66c073e3fbb3dd71503fef40961d8031bcee3623713c557dc44b9115f8351af1eb0f3a8a34630b8fd2749c1ccb5dabcce1e6fb9c099e64f87ad686a8f610f8945756bf6828b987e5ad599cf508e876573e2e8dabcbca75c4c268a6100a43f04d43de0e07cc89d45206b24c9c1864c1fea67065220882203e38aacf46e8d443e8c367de1a7c8d60234b0db297a731c5b51fc62ff5c333e1f7f25f160d8ca2dbabd199ff38d71a848377141b3895a221fb24faf176b4dba0f2692e47868cc3bd847a75dbf38c990d04f16150969788c82b81b814761f197c625d2904141b9f656987e47b1c7af820556b9b842ce3085cb910efb61bc96532a41d928fa11e3ea96a2e401c36be8eb80ab3f2dd76272be20c53726f053ee6d7ec730451db3b0b658acc2c34dee320ac92f060cae2ebb4c7f751eac674099e1c99829642be0ef8f6748a8ecfbf7205a5f6683d62a8281273f92a40dd71c2be0e63e45f1a2b8821dbc9d750f664bbfcf92332d37cef84cafdc994c5d741fbefa378c7e2502f1ed7033eba1d8b23ae26ec6fddb03b99099ad278ace1424ed41dfb9e6b3f9d8a10354fbec233d9d84915044110c47b4bb5110d903e87af3b3f9ab02e469dd43aee4f85044f76f512ce47b71a7a52b161fadf170dfc07f4f6eace827152abd768f9f9e54ad1200ec74cbef1b2ee1804ea78208911319bd7b51646ea99252588f70a690ee2ae9cc2f173091a2f66e38823e6a0091b378d6785b351c150fade37988a60ad4d4de2306f6146be9177989056b9ffa1c1d460adfd4f6284793762e3ab11bcc3784a09528ecfc0809e7d30fd5c9696c000f22ec90f5f68f0cd753cf19f0f2f1d37c601e8ab3801cdaa633f0cf4fc0a7b1294ae4425483c3852ee7654df13bfc4e6eb94cf298a5e084796a6f6287da2211a0bb94b93201a2448fef30bb8b46a874901d93a65e5067c266cf0b6677d204df7c77c2fedba0ec480be4e729163d511fd067ae2ab3d092ca7720f48034cd5ed5878f33d188dbc2174177bca5d1cc3f76339609ee2dd11e5e4e182f0375a69200882f850a93ea281911f3a47f88115d51d88ad31795a3f9c52e486af466f7e4ca3a8157e50cdf8fd17a281517407abbbf0593a5e1f1694a281fdb85e9d62c7e22ce1b1ffa9c6cca334fd24c67137068b81386ad41f8120de03f8c93d6dd9fd6eed89e3e96af77bd9331cf2e4fb095ae247f91bd01862840b82da1663fdd4260da499f09fc837ebda63ba72099209f3d94d58b9b663e197515eae34d31f13f98669fbe9aad5cabc4b1384538accdd7e4392fa60943cc53e0f4ba1dc6fae1b9ae637ec9e5410f1a37cb2c06e347c9fe8ee4950911b8871fc78daba23705ce3f003197bdecd178ea4ade1e6033eb19f7ff50bc15dcadc6d2f9e6ad435190706f03748d7c59873d98a485df4ba2731c4e1b30581663bd60fe5dd2545a6ff44e17af6d38355fb4872023f17facb76ec49687c652f8e62781d5676e359b8a17cf4120441101f14d54a3440968fa8d5bd84b7b7f2d9f876c366e27f9b7662cfafebb1f07317c5f17f56e8bb21566d86f13f120d8ca23babd185bb4df07aa94403fb8d4f3a004ffe032b6a82a1cb0ee142d80d5cf96b2dc6b5e66f9835478ff577cb374a1606639a03131f967de0239ceb4e10d59c826b98c25f3666f5a9fc7c7f834890b4bf3f2cd9f8a8fdc95cec0b0846e8c5c35831c25118338ede1735de592249f6c110feb231f3ce98bed31fc12101d83dc359781e580f3aa066f44b90ec334478e19b79e7e9d8e91f8c9080dd98e1cc7deead31e84052b9582f49c02faef2d50247afe538743e0421813ef869c847425ca30927a0b1d5400303a241f218db5ce41306e64efd31dccb0b5eda61cc7c9c48e1b528c5c35fdd853e3069390afff3398fd0f0eb38b5cd1b2efc1859930ef8294a61b29726628f07170722341bb112872f842294d7d5933fdf581f0efa4db5e9591f864403171d3e43f84befccd179fa4ef807872060f70c38f30918eb4138a0aea69898da3f880b3a13b41abb067f5d0ac285236b30ba194b2baa83a1879e694c84100441101f0ed54b347064623cfc7b31863af11f2efe43551e2c5a7b62f1c9c728d2b053fe3bd1c052e0ce9a2e829b92ba68e0b38885f77de0eda27e2e3c0bf55d3065671472d4b541c175f931877afd8809a21a52c997bb09485fe2daaa81c24c77f958680c8fc5fe48d1199832e4466dc5a896fcbd04cab426701cbe0137b2b5c6862c17515b47a125df4fa44c6be288e11b6e403ba9342702dbc6b5150cf7f2721be1d305ffe089514f1bfda241b5ffc268f8182b956fa596e5e3d6deafd04d71329132d46c3312ebafbf644fab726479d1d839a13dacd4d28944f5d073c621c4171aef6b83a28121cb8dc2d6512d8597e229cb35711c8e0d37b2cb577514c80aeee1f76f9c05d72d551dea76c1177b6e21bf82af9b200882787fa97ea241850cc5198f101b1e8ca09028c43d2fd0f971abfe4851f83c0e91a161884e788142d204c4078a54fc027111c10889bc8f5471050341568cf4849b080d89405caad8e8b89715a723e166284222e22a2c57929b84dbe12108bb998034cd99877f07692152ee452224241cb79fe61a9db12fcd7e8ce8e0abb81e7e17296fecc1c19ea9e909b8191a8288b85454f43594e527e34e441822ef26218796170882203e78aab1682008822008822008a23a40a2812008822008822008a390682008822008822008c228241a0882200882200882300a890682200882200882208c42a2812008822008822008a390682008822008822008c228241a0882200882200882300a890682200882200882208c42a2812008822008822008a390682008822008822008c228241a0882200882200882300a890682200882200882208cf27e8b065929f2d293f030e11152b28b215544bf32523132931fe1515206c4af5d18417c40bce9b14810044110c4bf4a35120d458859dc1ed6e676f82c205711578667fb3f858db939cc8d850623714e998521cd89c6fed903e054570491a83c983bf4c6575baf235da248581964054838b5165fb939c25cad2c91a93d5c266dc4e517a58a846f90fccb98e45013369feec7b332451c41bc83546d2c1622d8bb052c75c6b8056ad9368193eb18fc78f836f2b4144751cc62b4b73687dd6701503e068a6296a0038bb368320a7fa618184479e730aaa139eaf4d88287eac3589a839b7bbde1deda968d791358d839c163c65edcccd12375aa92568dc2a8a5686f618f2fae162862d49141fce038168fe882c6d6a610d5a803876e23f0fda15b3a6d873812cb06f7848b8b8b6e70f386ff4bb50cec5976ffe8628c7669c69ea9fc196605fb761ef0fe3514995a5d248e5c86c13df594c9829bb73fd48b250882203e0caa91681023724e13665098c2fd548e22ae0c49bf76118c0c93265dd0eb934ff0899ed07bd00f082b94e7901544e2a74e26421e6ba70198346b217efc7121664df2809395dc6069f2a51fd22a638c9726e1e8972d843c22f366701b3f1b4b56adc1ca1fbde1d5a98e3cde7628f63c2856647843e49d8717af6b975f9144a2817847a9fa582cc0d589b6427c6d2717d5f8eed5c3191d5b35400d3eded8f3a1d3d24814c8145918e2c83968c2fe66ea7e0aca274751d43c3808e95959c3fe805edd90731a1e35581aa7358857898642c4ac7416ae65d97e24e6fcb404b3bc9c840903d34ecb10a97ee12aa52da7f8b10fc634e475b3c1f82bf98ad8728ae37fc1a742ffd8a3cfa4f9f869f14c0c6f63aeb7eda509ebd0965d4f246202c9d21296eac16e00fe78a1b4ee595d577597f761e3be98bc6019962ffa06835ad610fac8715a00325442a01409ebda0af12226d834ca64c16ec01f50154b1004417c30bc33a2a1ddc687eca7ac22caf0ec775798b1f48dbe3a8b742d43a12ce31cbc1df90f6c137c1b2e56c41a428cd8e51d856b5bf45886ab195a8549b311b4a4b3702d51e775b85fa2887f13906820de795e652c2a45436d8cb9a86d4ccb5070671bfa5bb33c66aed8afb604579168e0e50dfde319ab91167a44832471077a98b2b80eab704bf58810e3f6da6e301599c0794bf973a82a69e514e3e99945e85d5b592f3da2419a8a23032dd9df1a63dac52c951b97ac20028b5ab13cacedbfab29a09c334360c1caea71e0b95197afb2e4bdf8c48ce56f3e17d773d415d72dace966caaed7028b6295931f393833c482c5f5c081e7a40e0882200839ef996828c0b5c9dce868886f42144b0f1a4891b2bfa7505ecba57760ccce2f7bee8b7e7c09bf9627fe7c61c0722fb98b954efcc7df1edea15ad7931521f56e10cef99d82ffd558a488f5cf3a0a946621e1c6059c397b05b7528b2133261a4a3391101a88d3a7cee24acc33da5b41fccb94223f3303e919392836724bbfda5834261a38f9b834b62efbbb2d26aab9f518130d353bb8a305fb5754db1387b47dfd744443291e6c6ccfcaaf89017fbf6432458d9c008ce2c67e9b5588132a5b95b48cd2441c1cdb4c68afc8ce1d5386d9b3ffd7231a8a62b17a705bb4705d5f9e57408c886f1bb33cf5312548d99fc5b8b5b8398b6b8aef6e1629e2f42143e6717741c075d8fc189ade9932a4f9cabf07e7bdcfe451c5b7b0b839ab67d3ef60b458822008e283e23d130d25b8b3b4a590bed58260e4ea316a64452ff1222d07450674801c6ed0f482092ba7fe97d7982963082972e26f20fa699eda2c268b8bdc86714e35857aa882693378ad0f419686912f416ac022b809ae0aca608bbef396a08f05fb7f0dd150848787bdd14d354b290fa6cd476053780ebb2a41fc0be45fc1781b7eeff5806f9a31d5f02a63b102d120cbc0f1017c5cb5c12a358bda9868b0f9dc1f212be42b86b53d7d35f708e988862cfce3c1dd753a626ba2d6c627690a7eebced29ab8e2cf74de98aaa465148661e6c78e709feb83d81c31ee2e6fcdf2ea774fd24b590a0eba7117a5765897a07812b2fe38ea660651cdc1f0cb9220ff453ca26edc44427ab1a68861c88a339174ff16e2b3b41f7c123cdedc41e89f9e075f0831b28ca3703363826bb01fb224f978111f851b3713906e5c2512044110ef39ef9968603f814f7e83077761e04642dbc198bef237f8dd7884ecca6456918fcb9fdbb032cce07e4c6b16b1024a12b6a0b7b0c9b00d266e3983c8fbf18809dc85e95db8b16306e7d5b7594b1569efaf4737eede60dd0bdf1d0ac6ddf8189cdf36191f9bc8eb5f2e1aca9076723c1af0b81663b1f1cc4d3c781c87e0c33fc08d6f30b5e88bed1a3b3909e22dc18cdf799d1ba141f39138f1d2f8c8a8fa58548a066b0c3f918cacac2c45c840ca831b38be7c20eab3b26c471dc57335dbd7a868187f05f945b7b0a223af476d0cf1557353d2160da50958c7570e99117e56ed60053979081c61cdca688125b78bab9696232b4561b152da97e05ea544830ca5b92ff020e224364c6c2bec4768f2e569a42b8b118763d647ac0eb5bac2a30bef37de461e4cd1d47315ae68bb54ea41961782394d799ecef8f981fc8b1187cfc247ac9c5a5d3dd0c55659260ba64de1b9ea0a2a512c411004f11ef2ce880683a1f670a80e5b129021fff63e7cedcc8d7ef5b4b668f3e944fc7430bc12a72765e2982bcf6387af54ae009540960dffd17c83741d7c762c556df581fd29eb02a6dab3322d06e2482affd5cfc325c140aa8f49e7b2d484096bf37e77d4e475568a86e258fcd882e7ed8fdf93357fb1f343670bc691ed840baa936308a27a50d5b158be11da5030ebb218a15acb16158a06fef9d64a74e265d41a02df64c545b545435134167003da663c746df902044da9cfeaf01166f13d185549ab432545832c0dbe3de5ede6c1c4c91b2793cb5758a429fbe0a2f85b33cfefb0d5e72f1cd9bf0ede7df8b5597cbbc58830bc4cca54dd331c9bd04848eb38eb1ae45b1da448d9e7a2b86633787eb7153e7f1dc1fe75dee8535f7ead768b23580b098220880f8d774634d468d11b1e030762a056183466356eeafb5d86045971177070ed5c8cefdf11f6dc38107e0845b0e8be0857328d39f464e1efbefcd497faf8f27a157e1e0b83f0951dbb86ed24e89ea4588cd845dca7d90ac3fd99795f1489b90e2c6dbdc9b8a6955696790203f86a85423494c6af8113abb779ff63482b954022510bb9c198cec548a319b8a1b71f08e2bfa6b263b15c3434f698802fbffc521ebe9884cf470e808b0377cf61e28019cf7e6afb8c2a231a580c6eadea24e4af35c407826ed0110d5198cfc7241bbfda63920d6e047fdd80e56f88697cff5255d2ea5049d120cdc5bdc0b308bc701a07568c462bbe0269e58a0db7e503bd2cf512b62cf4c6ec6d119aee5f92241c1c5c8b955f037d7ed7b3019c53f20447263b0afd5177e00ec4a9f62e9421f5d2162cf49e8d6d11b91aabac92a483185c8bd5a1461ffc4e67411304417c70bc77ee490629cbc5830bdb30a5a3dcf0a83fe98262664d1f05b8fe453d96ce0ceec73315719520eb38faf21ff6f69bf048cf6a46e65faec2b5bbee4a66d53983815c18b45d07a58bb28aa29bf88ecf622a4443c1d589b065f9785e83a1467fa8ba8d20aa3306c762057b1aa459b8bac049c85377cc596429c66fe54403a3e8365675e2e3a51606fb2443a22d1a4aee61796bf6d97a0402f3e459cac9c7a5717c13b6231646330bbb2a6975a8ac7b923a52a49f1c2b3c07ccdd7c51d1a14605d7bf145cb92c870540bb7ad2ec1b58ef2117670d3fdb8d3863873468c09e8b5ff2550c4b0c0bd06934411004f19ef35e8906695628b62ff0c68c8d910697cfa569c730849f4c547f0a0c7b1e49917aa88f70da4883af830d96c5dd2f5e9e9e02d77ee3b1d4ef1924d927d18f1f6bd86e0314eec16ac89071b897d0966e7b9e419a7b16836baa192cea14c7e08766ec6f0ad1907f653c6c583eeb3e0bb079fb766cd717f69cc6138dd35608e2bfe3d5c66205a281214bf5452f361644765311ac18bf95160d8ca2dbabd199e7af350807effca3291a646938d48b7d16f5804faa96212dcbc01157befad80dbbb98b6055d2eaf02aa281917f0963f91e265bddd5496d4aeeadc0c7bc9d7d8e417ddaa3e4c9114c69c9eb6d860edf9e464a85ae9aeab07aaff898e515a1cfb12a4ca610044110ef05ef956890bd3c8efe7cf6befe645c32e4e02f8ec0b78df90fef443d2e44e5489ffbc29d975577144e96bff54813c913ecea65c6ea6785a1275f42260ec74cbe31b1ee1804ea5c5f8c88d9bc7db530924f4d16c76211170675c6e0bc76daec3318a676e46a49dc2ab4617d60deef2832b42705a5f948bc75078fd20af4bb2110c47fc0ab8dc58a4583ca8fff154503fb0b6eafee2c9c8c56abd768c1edaf5cb817217a415376fd0698aa2c5c89380cde8d58da46de0813bc83aa92561bc3a24192fc27be70698576930290ad3dd67303f019df586ecfcb9520e5f80c0ce8d907d335f644c9c9bbf4b930d1d0e09b10286b57927810231bb0fca2faf0fc2516f9da993892141c9f31003dfb4cc739e5528e8a3c5c120e886860e0185d822008e27de6fd724f92a6e1d8507e6a89082da6fd83249d99f71224fa8e1096f8ad861c2f3f85442ff9089da3f4f9dd8a983cad1f50692ec257f7165eac246af503a204e3200f57a7d8b13c96f0d8ff54e33c7469fa498ce32791580cc4d1347e612622e638b0b456187030592d6d19927ff780252f57b5115ab1f220ea8cb577d5dd1d64c80d926f841675de043a4089a836bcd258ac403494a523f05bf931aeb53ff343a66248564d34308aee607517f99baa85a0b6da270e9f2d94653bd64fed0dc95264fa4f14dc7deca797af3c5625ad2646561af2afe20bbee1d8dc0d7b9faa3f4124483e300056acdcba63ce098222efd20485bbd26f48d248fa14fb3cf80be2ecf1cd7545f90511f85178a78c1d46fb3e61353004130613f877600eb7df92349e6192a7fbe061c9cab0ff06ca62098220880f87f76e4f43e9531f8c509cf221b2eb82a153bfc3d2d5abb162913746f7e42f4762f1d6fdb03da1625f1e597e1456f7e26f4665796ab5c3b099ffc3a69d7bf0ebfa85f8dc85ef7960f1567db121b67cd64d9274009e75f8f59b60e8b243b810760357fe5a8b71adf95b57cdd163fd5d28cdfeb217c730ba1e4ffb113c97f9e2dcd5f338b47c181af37279508a06eecfec3709f63ccea60fe6ec3a83a01bd7e1b773267a08475a3a60fac56c9dd9468278e3145cc314be3a60f569f93b080c50f5b158be11daae8727bcbcbc5461d8603774b25718fad61ed8f9a8fc695065d1c028bab31a5d94471babbb084a92e133a4368b3747e7e93be11f1c8280dd33e0ccdf9b623d0807d4adf3aaa4d5c0987b522912f77808e240d46c04561ebe80d0d040f8fce429b451547b107e4b5454b62401bfb8cadf07e3e8b51c87ce872024d0073f0df948886b34e1045285e787048fb7b908ab2b227327f41f5edeafe5610ce69f485114fb0b5cb9eba4c8115ecb0fe17c4808027d7ec210be8a2a6a840927344f86230882203e0cdecb8dd0a5cf2f62fd7867d8f11f498d50074e4317e1f84371a50d6c99f821fe5e3c144efcd4108db22cd0da73314e3e2ed22a4b86c2fb3ef076911b3faa50df055376462147637583a5bdf7bbd6919476e8b7643bbee627b3a84403a7044f4f2c803b37d8d4cbb5ef8bef4e3c35327348106f904abfdc4d4ed5c662b968d0172c1a38c17dca5a9c4dd41c73af221a580adc59d3456e486bed2b92e54661eba896c27b1194d736711c8e0d37b2997cd7a42a69cba9604f832c0fd13b27a03d7751542bb75ecf1938145fa8d176694e04b68d6b2b5f99548546f874c13f78a2784544f9fe0be3e1e395718a0c52e4446cc3b8b67cb5422d4da34fb1e09f2750164b1004417c585423d1f01690e4e2595c14428382117eeb21520b0dff8c5788ac18198f62111e1c8490a8383c2fa8a82c290a9fc72132340cd1092f60fcd2a5c8797a0711e1b148cc31343ba94056828c8731080b0e45547c1ac4afd12482f8d7789363f15f4186e2f404dc0c0d41445c6a05e3ac2a69ab4069361e4707e3eaf570dc4d2934224278f726e1767808c26e2620ada86231573924c84dba8df09030dc4c48c31b2b96200882782779bf45034110044110044110af0d890682200882200882208c42a2812008822008822008a390682008822008822008c228241a0882200882200882300a890682200882200882208c42a2812008822008822008a390682008822008822008c228241a0882200882200882300a890682200882200882208c42a2812008822008822008a390682008822008822008c228241a088220088220088230ca87291aa46264263fc2a3a40c88a58ab87f1d29c499c978f4280919ff5d2508822008822008a242aa8f68280cc3b7ad2d616e6e0e73bbc138fcc2b0215d103c03ad2c593a735bb81f4851c40245318bd1deda1c769f05205711a742568084536bf1959b23cc45228894c1d41e2e9336e2f28b52454239a5f11be052875f4337d4b4aa8d7a4d9cd0d36b367685bd4499224fc5c85090700a6bbf7283a3b95a1d44a6b07799848d975f40b3166f827c5c9ee4809a369f62ffb3cad794205e1d19c40f8e63f1882e686c6d0a518d3a70e83602df1fba85bc0af47169e25e0cb6af897a43cfea8c6159c17d1c5d3c1a2ecd6c84316c6a658f761edef8353453770c4a737073af37dc5bdbb2b426b0b07382c78cbdb899a35b0169ce4decf576476b5b73884c2c60e7e481197b6f4237291bbff78f62f1681734b36169d9b8b5b26f070fef5f119aa95d0329726eee85b77b6bd8b2b16e626107278f19d87b3387fd450bf66cba7f743146bb34830d7f2e985ac1be9d07bc7f0d8576b155ea03822008827883541fd150108429f59546b419fa1c7caefbe32a908fab5fd457a413a1ebae64453c208e9c8326fc87d4fd1472147102a54938fa650b791ef366701b3f1b4b56adc1ca1fbde1d5a98e3cde7628f63c285664004aee2d476b1e6fdd159ea34661945a1831b43fba3b5a28ead00a73aee73073a2224a9174f44bb410f298a399db78cc5eb20a6b56fe086faf4ea823c4db62e89e0728afc59b200fe7bdac58d95df06b129915c4dba738fe177c6ac5ef677bf499341f3f2d9e89e16de44676a7a591283034584ae2b1b9174fc7f2f63da139860b63b0aa7b0de16f8dfb4ec68265cbb1e89b416859835fc711d30232d49e17858859e98c1a2cad65fb9198f3d312ccf272921bd99d962152bd02acdc95cebc5c4bb41f39073f2d99052f27455d9769d6b5306615ba0bd76b8cbe931760d9f245f866504be13a22c76908c850ab41cc4a38f3b496ed3172ce4f5832cb0b4e8220e8846591056acf0b56d755dde56534ee8bc90b9661f9a26f30a8a5bcad8ed302a02ab64a7d40100441106f96ea271a4cea0906b4599f8378aeef1730ef3226daf21f63fe435919d12046ecf28e425a8b1ecb703543cb7096662368496798b1bf8b3aafc3fd1279b44a34b81c44aabe7ac87211b1da45be6ad17d0712258a7803886397a3234f6bd103cbae6668cd0a4a911db4049dcd789b3a639db2126f04120dc4bf88341547065ab2fbad31a65dcc5219b1b282082c6ac5ee6f3357fc9ea2ef3e2cc2edd55d61cac7080f1aa2a10cc97b3f11c668f3b9d791a366c88b6fad41375396bec522c42ad4b62471077af0b80eab704b2c8fe3cf81db6bbbb1f24de0bce5a162454f82c41d3d846b7658758ba55020be8db5dd4cd9b3c8195b1e2ad6feca92b1f7133356b7e698ab314920c6ad35bc5c115a2c8a950b7e492276f460f9451db0aabc02acd8b5425d4d9cb7a0bcd8bdf8848ffbe673715db36158c3eb206a814542c3aad60704411004f1a6a97ea2a1be17e6bad6148c8b837a5443ee85cf612baa0fcfa9ed04e3a222d150f6dc17fdf80c5f2d4ffcf9c280d15c72172b9d581a913dbc430be5511589064e8e3f86f31955cb6108c853c4e9a3ec397cfbf1d9cb5af0fcf38501378212dc5de924b4c9de3b14f25a2891a128f52e82cef9e194ff55c4a6888dac6c94222be1062e9c398b2bb752512c33261a4a9199108ac0d3a770f64a0c9ed1de0ac210a5f9c8cc4847464eb1f155b5a258ac1edc162d5cd7234e43fb8a11f16d63761fd6c79420cdbb9b5310b9046dd9bddf668ab7f0af86689065e2b83b37d83b60f3632d752e4b836f4f3e769db1f719bf7f4bf160637bf6b92606fcfd52b3ae390118559ba56db34a5eb7d207d8d89e7dae39007fbfd46c554ec028d4e6f55915c74626afc271b873e3bec366e856c1173d799d9df78257a1f4c146b4679f6b0ef81b9ac5e62060546d56b7365825544086cce3ee8210e8b0f9319330eac890e6db93a515c179ef335e812af40141100441bc79aa9f68683015277d06c1426406571d17a51c9c1f5317a246d3f0f70e17e107d5b8689022657f2f98b0b8fa5f5e438110a70f2972e26f20fa699ecaa0af8c6890a61dc6a7dc35c0e6735cce5744ea419ab21fbd4c58bafa5fe29ae14a409a138f1bd14f91a766db4b7322b16d9c136af2baa882299a79ad47489666c524a90158e4d6502d9d08b67de761491fee4aa5291a8a1e1e8677376ec0a8956bda1c233685ebf1e5263e74f2af8c870dbf477af822cda86a3040590a0eba71e1dc0eeb123477eec8f28231af251bb79d5721fae13e74e7d7d1586990a1383309f76fc5234b5bf74a1e6373077efff6c441611f5416fef1e02e3c1db1557bf94f9a82dfbab3b426aef8339d3522eb1f78f0f1db71abce4aa134e537a11e26ae7f822785ac189949f7712b3e4b47f44b1e6f46075ee79e07c1ab90f58f87e06ed4716ba2961060cfa3dfbab3ba99c0f5cf742146569c89a4fbb710afdb303cdedc4118973d0fbe609fabd20704411004f1e6a986a2e16b04259dc0104b11cc5cb55c94b2fd31aa8e088dbf0dc3a3df2b231af271f9731b96ce0ceec7b4661d2ba022d120cdbb83fd631b0975b01d7b1699460acfbffcb9607099b91fd39a79ac8092046ce92df7af6e33710bce44de477c4c20764def22880833e7d5b8adf47e28b98ff5823b83357a7d7708c177e311737e1b267f6c22d4515d3494a59dc4f8063cae05c66e3c839b0f1e232ef8307e7063824c6481bedb95ee1b0421a7306c1e3a376a80e6234f54e11e96a134f7051e449cc486896d0543bac997a791ae3e9e64d9b8e4ed00510d176c882b86f4b93ed1600819f242e6a0294fdff9673ce0376d6902d6f155c39a837156e734843c048eb016eefb25b78b59d2757062796b0ed6dd748dbc408cb066e5b4580296d430b23c84cc692a8cb1ce3f3f60e3a61409ebf88a614d0cd6ad002b7604ac59da164b6e2b62f423cb0bc19ca67c8c76c6cf42c30ca1a70f08822008e22d502d45434841264e0eb5125c940ea854830c59673e432d9103e64715e245a54443268eb9f21f5e3b7ca5c725c2182ad1206a88d66ddba2ad2a38a1b5a39d6ae6dfbcd33c9c4fd79efad324f398ab90d6eeab202db72363c898461a2decefa8f3d931a4aa5f4296850b53ed59991618782455588dc9bb3411b62c6dfd49e790a566d49525ed877b4d5e57a5682846ec8f7c53b805faff9eac396b9a1f8ad90e2caded045cd0b57708a26aa8dc66e4c1c4c91b2793d57d96a4c8383b190d45e6e8fdcb03c10da82aa241f2ec182634e2653b62d635c53e83a2682ce0c6b6cd785cd159fd2b40d0147e88c24798152e66491708c6b6cdf82bd04daa781e7d340b2ca9012478766c021af1fa3acec23561a34111a21770116183f1ba1560c54e417d96fea359e18a183d489ee1d804f98484e3ac6b1afb17b4d1db0704411004f116a89ea2a1900904bfe1b01699a1f78114c128e63ebda78659b31fe7ef11532cada468c8c2df7df94c7b7d7c79dd885f901eca45832d1c9a374773169a36e47b03789c08f55ca763c3b19bc8d0726bd047d6df7d152e52d78db848695388a0afec84eb4fbaaa9bab3876119ab132ad86fb2397192a91731d58da7a98acedffc4faedc400be5aa1100da5f158c36762cdfbe3585a292412895ac845f0742e461a61c60d83961241540e692eee059e45e085d338b062345a71173d2b576c502c8f95bd388e31b62258f6df8344c50c79654543c9932398ecc8c7625d0cdc11c7468082a228cc1784ef243dae808508feba01cbd310d3420b59d2f97060d7b29da4c775b130185ff3d5b886d3a0d8e6a445099e1c990c475ed7ba03b1234e59832244cde763918d5b3dbe8885c15fa301cbd3705aa822468b92273832d991e517a1eec01d5015ab07837d40100441106f816a2a1af864fa197c564b04b3de0790c25483ece509785aca97f58b998ca89c6828c0f52feab17466703f9e29c45416fdee4912bc0cdf8661bc9e22077cfec7136176b4220aae7f817aac2c33f7e3a87c2db2705c103cedb1e9911e6592f9175c79fdbaee4272592ece0ce4c2a0ad8ebf3837626e7ec7673e15a2a1e0aafcf4299ed760a881fea72a9ae72588aa2045fac9b1c26a98b99b2f9effbf64f87ad686a8f610f82497dfdf158b0629b26fac8787700f37c467bbe320569f5e2fb987e5add9dfac472050e770827c5c1ac75df01cb130ba4835c6ad47044237e9258cabcbca715c0896541369366eacf710da226af81976c7a91f4c50827bcb5bb36b5863846e0558b1e35097e5735c18ad8829479a7d03eb3d6c8531d8f0b3dd88d368983a15f40141100441bc05aaad68e0becefe23995161da1bbfa74890719c6f8e6e8de5770527864a8a0629520ff5114e2769f075b091597e195e9e9e02d77ee3b1d4ef99b079d1f09e06190aa296c9373e8a5a615e506e852e01d2d443e8c34f5e616d0b365c09268c4e638a6b3f8c5fea8767926c9cecc74f4b69870d7a1c95651987d18bd7a1db1e3c93e6e2ece09a2cad13d6c46ba72d46cc0fcdd8df14a221ff0ac6dbb07cd67db060f3766cdfae2fecc1e92795914304510598213e961be2b69371e5ce767416c690192c2c2d61a90c822b1d0fa62cbe0eda7f1fa5c8cce1b3fb53d092ffddac03be3d9d228c550d646938d48be7ef019f54ad9129cbc011572ec4bb617772194b7a483e867af84037e911b8f295916ebb9928574472f84ac09496421dcd3a7c8bd3ecd9a4890c69877a097fefe193aaf56c9021e388abb0ead86d77f9738bc3570da6b4e4f53643876f4f43a7581595e80382200882780b545fd1c0c809e03efd6670fd3d16470630a3d869b5e23d0a95150d2ce5735fb8f32357eb8ec249b5972f692079825dbdb8816e85a127e51ba60d8b064e31eead939fcd2e6ae28d2bc69c8e39d2e7f075e72b017531eaa4a1173049f064572f41e0580d3d89973231c2677e24e41913a8bbc1401c315b686bad917c96b418b18bb830a88331e7b5d366e3cc30b523574be2b0aa0dabb7793f1ccdd0aeb714f989b770e7511a0ad40d2582a82492e43ff1854b2bb49b14806ceddb2b37009ff1cdc5f6de08fe3f7fccf71a88810335c380be8a93c2ac3aa2df404f7cb5274191b9048907470aae3da2fa9ef82536df805857ee296880a9c15a7e45e2307873ffff46de08e31e52cafd0f0da64237a9b7b057a1917758f9fb1b4a12717024776f12a1bee72f88cd375003c55e89065383b5f6308911e6cdf72a3482b750013925890731523898a03e3c7f898581621995ed038220088278f3546bd1809cf31853978980765ee8c40cff76eb1314a7fa545e34709784d0394a1fe1ad88c9d3fa9995e6227c756f58f01fe2563f204af15b6e5c34308aef607527fe432f82e3ec606817ab4d7ee81c95fff3d6983cad1f7b2972c357a3b7052faf157e505422efea14d8b13c961efbf1547d3a519a8e93e3b81b8305061e4d13448838628ee09f6d35e020d4bc3d5096fc3b3c8417e1956f8496af3c88d079ed5d0d3f68596e907c23b4a8333629df3e45105521ff2abee0e3d8dc0d7b356e5a09920f0c8015bbefea8e39a72b281418724f2a88f85138e94864371abe15ac8289c3e582da76ac5ff9db94d928c9f49f286c42b69fae5c7564c27c761376bfdb62ac9f9a989766c27f22df306d8fe9aaa5c10244fc287f8f8add685f18ad82381cb39bb0bada8e859fda448534d31f1379dfd84f2f5f712c88c08fc23b62ec30dad7b8bb6355fa8020088220de34d55b34201717842353f98f6a2766c82a8d90aa8806660ce74761752ffeae02564ead761836f37fd8b4730f7e5dbf109fbbf03d0f2cdeaa2f36c496cf0b56281a18e298a5f217513143fffb70237e471c593ea256f7928b13512db41b3613ffdbb4137b7e5d8f859fbb087b1ef84a47df0db1e5b39392241cf0ac23d4afc9d0653874210c37aefc85b5e35a0bab1ce63dd6e3aed2ea2f7b8163a3e56df9c873197ccf5dc5f943cb31ac312f9707a56860bd97ee8749f63cce067de6ecc299a01bb8eeb713337bf0e3284570987ed1a051477c98145c9b82c6ecdeb0fa54f1de02839422718f87200e44cd4660e5e10b080d0d84cf4f9ec2d814d51e84df94bb9ef5a05734481e639b8bfce86073a7fe18eee5052fed30663e4e287d7a24c9f019c2df41628eced377c23f380401bb67c0998b72eb413890542e6624c93e18c25ff866de19d377fa23382400bb67380be3d47ad00128934a1e6f830b775762653af51fae7b7d16c6cc3fa1702b6202c96788f07238f3ced3b1d33f182101bb31c3993f83ac31e84092c2a54882c7db5c04772591b913fa0fd72dd3cb6b0ce69f48e115a85a1f10044110c41ba69a8b0620efe204f986c3aebfa8bd80a96aa28123133fc4df8b87c2a916ffe1570f1668edb918271f1769ccfe574634b04a237c612b79394e3f21badce3403f32311efebd18439d6a69d541048bd69e587cf2318ab40c3259e17df878bbc8fb4015eac365ca4e4469bd854d56780fbf7fed2c7f099722d8f55b82ed5ff3d35cca4503a7e4e9092c70e76fe8552fd71e7dbf3b81a73489496851a597bbc9f210bd7302daf3b7a5abdd5ff57acec0a1f842a32e35fa44836aef81d1f03156aabd825a961b85ada35a0aef8650a631711c8e0d37b2cb57140464c88dda8a512df90be194694de0387c036e642b5396ef53301a3e5e59fe166c592ea2b68e424bfef238e5df4d1c317cc30d9417abdc7f613c7cbc32ee95fa8020088220de24d54734fc5bc88a91f12816e1c14108898ac3f302838ae02d224371c623c486072328240a71cf0bb40c195da485cf1117198ab0e804bc28349eba34e729ee44842336314731a36908194a321e22262c18a151f14813ff177d41bcb79466e3717430ae5e0fc7dd94c20aeff1370f1b67e909b8191a8288b85418bdbdd973213de12642432210972a7e63759515a723e166284222e2904ae38b2008827887f9f0440341100441100441105582440341100441100441104621d140100441100441108451483410044110044110046114120d04411004411004411885440341100441100441104621d140100441100441108451483410044110044110046114120d04411004411004411885440341100441100441104621d140100441100441108451483410044110044110046114120d044110044110044118854403411004411004411046a93ea2a128064b3a58c3dca20946fd99823245b426793837aa21ccebf4c09687a58ab87f0f59fa5f18606b8e7a43cf2a62de22d23cdc3d7b068f8a159f65e9f86b802dcceb0dc5d95c45dcbf4869fc06b8d43187b9b96ea869551bf59a38a1a7d76cec0a7b69e0bb7b83bc565f489177f72ccea83ab63a918fcb931c50d3e653ec7ff6d67bf18d224d3f8d2f9b5bc2dcaa35bc2f6441a688d7469a71469eaeae3396451528620982200882a8ee5423d11085790e2288442cd41e863f52f4194d3938ed5183a571c29af8ff4034a4f9a207af5fdf138a98b784f4254e8f6f0491c510f82b8d62591a7c7bf0fee98b13398ab87f91927bcbd19ab7ddba2b3c478dc228b53062687f7477b4907f77a25698733dc7a0d1f84678e5be90e2e5e9f16824b2c01055c75627f270decb8ab5ab0b7e4d7ab7440398544cf963186af37ba0f1345ccad67307b0fbfaec243be13e69b52014f96ff5262108822008e24d523d45030bb587fe01ddc9d6ff5634402681383f1ff9e2b76cd09525e1d72eac1f6aaa890666864bc4ecdaf9e2b73f93af07956870398854a922521d592e2256bbc09ca7e9be03891245fc5be155fba20c49bf7661f74f4d120d6f83b214fc31acb6307e1dbcaf22474314489119f0051af2fbc369312269918120088220de29aa9f68a8d901ee2dd8bfa2daf03cf44ccb2834261a64284abd8ba0737e38e57f15b12962ddd96e6931723232902518fd1264c507e3dc293f5c884a86589598c5df0f4680df195c8e7d8e22f542643c7f3a32724a14115214e7642023ab50a86759de63845f380dbf732188cf342c6aa485cf70ebfa79f8fdf30f4e5f08c7c32cb5b4b212e4a645635d7bd607e6fd71f891fc7a32f61fbf567a460e4ab41b262b42eadd209cf33b05ffabb148296f8c0a69710e3232b25028af281e875fc069bf730889cf4465e45785a28193e38fe1562c8de53004e429e254942233211481a74fe1ec95183c131b2a8451fa127141fe38e57701914905ac9735fb997fd7fafb428afca49bb87ce624fc02ae222699e7552243496e1aa2d7b567f78f39fa1f7ea4b72f4b3313101a781aa7ce5e41cc33b15a7e39d2a26cd68fd910974951f8340ce7ce05214efbbb2ecd444268204e9f3a8b2b31cf60b8a9a5c84ab8810b6758ba5ba928965553d1509a8f4ce1be2fd61d535a94a51cc6b03a7cfc3ae2dbebb9aaf4d2ac407cd588c777c48a58b12256938afa5e89343f09372f9fc149bf005c8d494681915b8920088220883743f5130d369fc33f64053a7203b5b6277c35961bf48b06694e24b68d73424d9e47154cd1cc6b3d42b2ca2d0ae9f37de8cefed67cce01ac1ed2482dad0836ee1b109d7a135b8737d688b7f5f819b70ae5f975dc93a4cfb1af3bfbec380b3e3f8f4453b57c22513db82d0f46b69a412313c7c3e71b67d868a4e3c1063d179c433a6f6ace29b89b6afdbdf75fc8d4eb9223454ee4368c73aaa999deb419bcd687a0bce9523cdfd79dfdcd11b37c7ec6c8a66a6959a8e7b61cc1ea15d54365448334ed303eadc1d2b0eff072be229251f4f030bcbbc967a055c1b439466c0a478e465912a406fc00575bb574ccc06f3765237eecc0fedf611ea28a58323d7d21cb8bc2a6a10e6af9e4a17e9f45389f26742c4eb99b6afdbd37feca94e76795c461ef6e72f71a553045f3119b10aeaa641992777565f1ad3077db3768a94c576f222e0b22a9080f0f7ba35b6df53244306d3e029bc273348c60496a0016b935d44867db771e96f4e16e5ed54b34e45f192fbf677bf822ad22d5c0fa28e5f030d4e1e95bcc4718bf0f64d9b8348d8f2b5338afbd0b9ddd2495ea7b061355519b86c241231d0bf5fb60d1f934ad09068220088220de24d550348cc795fc22dc5ad15130086a0ff1557353d2231a4a12b0a5b7398b33459b895b7026f23ee26302b16b7a1741449839afc66dc5c4a65234f072cd5a7f8ef5c7af20ecea112cfa84cfeeb26bd95ba38eb337769e0946d8c5df31db991be366e8732045c86f5034f03833470c5f7a10fed783716edf5cf4e433eea266f83e9a5bb99c4284cf6f26a46d3a6e2bfc593d1f3dbc83e0632b30a4214f6b8fe9214c9d94bd44ccc54398d99cc5993863d5c9405c8e4e87448fa15c92b005bdcd599c691b4cdc720691f7e31113b80bd3bbc8ebedbcfa36e44d578a069edf0c8ec397e2a0ff75049fdb87b93de56d6ff67d3433790d53916890e6ddc1feb17221663bf62c1339f2f8b2b49318df805fb705c66e3c839b0f1e232ef8307e70abcbe22cd077fb43d54a47f1dd35e8ca0593754fccf3b98e3bf1b77071f73474e26de4d736281ac4889cd7947dae8bfecb4f2022e1099ec487e2f0fceec23d6033d61f59b232bc8cb98843339bb37426705e75128197a391cedda8cad270727c03e11a2dc66ec4999b0ff0382e18877f70435d1667d1773be4fbee95a241047376bf39784cc3c2f95fe1f345dc15a70c6927c7a301af678bb1d878e6261e3c8e43f0e11fe05697c559f4c576e5e6fd92fb58df8d0b186bf4faee1082efb2efedfc364cfed84428bbba8986c2b079e8dca8019a8f3c8197158a0646590a0e0fab23b4a5fd8a5bc8089e0d47de67bd36235eb948a7a4d27dcfbee5c8798230afdb7f394e4424e0c99378841e9e8fee35599fd98c857f56652a4710044110c4ab504d4503ff7c0b2b3b7103aa1686f82643ee22af2d1a64c8f61f2dcc6ad6f9ec1852d5ed2c59162e4cb567692d30f048aa30cbab120d357a63f7d372a7fba2e885825123aaed857f32ca2d6271c46c3461f1b613af0a9f0d8b0673b8ed4f569be92cc3d31d72e3b2e396c7f2ba17c5e0a76e7560de7416c2142b177264483bdc07a62c6da76d4fe465e8dbd3a06d28cbb2e13f9a1b6675f0d9b1548d595659d6054cb567692d06e28860e1978b0673b7fd48564b5cf67407baf23675dc82c746f621a84483a8215ab76d8bb6aae084d68e76aa551ef34ef3705e5832e11423f6c7162cde02fd7f57ef1f467e2866f3efdb76022ef036aada638faf2fa96fa49622fdd418d8f2f20d8906c9136ce3f78acd385c52778b628272d7e4a118fbfd7124298c7e7d7b1a8a637f440b56be45ffdf35fa869f66143a9baf5ed8628250c972d160f6c96ea8dd42bc10fcc8ddea2cfae377cd425853670bb3e3b6132e8097927769a2d09efa93ce3131234fc3294bda0f776e00bfab7b1ad450b92999b540f78fd8bf35ddf0eb2385f5af46e5fb5e8227db3ab1cf3618a7f9252361d7640c1dfb3d8ecbbf648220088220de02d55734f0a85babd0891914a25a43e093cc2d346dd15088a0aff8692cb698745577676571ec223463f9ad86fb0bc69a4a3474fa4563a3ae34e53738f3782df70bc9e32de8c0e22d879f133e1b160d5db14bdb50bc3c4e98296db5ec0e336b0c518682e7b771666957413438ad8d97cfba5746341406e12b3bf6d97612749bce8cf5457c55c30ac38502ca4543d75ddac6fb658ce333e1ad96e18ee18aaa89065b38346f8ee62c346d285fa5e0a19eeb746c38761319ea8674693cd638b1bf9bf7c7b1b452482412b5908be0e95cd435c28c1b62a0200853eab3b48d67215cdbe5bde0bafc6f06571a721138ce46a847c34f67e2e7a3417898a34f01e9130da5885fe3c4e2ccd1ff581a4a35ea28416ef074d8b3721bcdb801beed5a291a3afd92a810b2724ae3d7c089c59bf73f86b452cd3224b9c198ce455ca319b8212e42e45c6e0cd7c3e46b5a5f9c2c132706f055b3775f34f0be56b929b1fbd063df538dfe925395be67df72e038b99b54c34f31f3e7a3087a98a3a74c8220088220de06d55a34b048dc5ec5671745a835d807c9126dd19085e37db94b477b6c7aa4c77cc8fc0baedcc8e8ba4b98c5548a0613b77f90ad48c251c69bf5f763b2a41cc9936d8268a9503498bae3947a4646c1f52f508fa56db1e476b90fb72c1ff74ffd8cd9633de0e2e4005ba5db8d2238ada98268c83a8ebe26ec73fb4dd0df7457a14cb948508a0653b8eb56145fd463e5b45882db465e5da0df3d498297e1db308c1bf422077cfec7134d815470151335f627e80b35d09fd549f6f2083ee19fbbecc0536d7b59f2089bf8c670237b1a24cf4f624627e5b1aff2721b3b7b61f6d67348546d0cd7271a0a7075a2ad5a3efda146ff53ecde508a0633a1ceea145c95af1ee8cbab0a35fab3fb241767067261d016eb12b467c68b70f33bee66f53e880646c1158cb761edae350a17d4f6b8945395be67489ee3e48c4eb050ff5b636778cdde8a73897a0e3e2008822008e28d51cd4503a3e8365677e606422d0c3a7807ff6888866c9cec67c63eb7c38607da0618b32d330ea317372ebaedc13366e81a1207af2d1accfac34fd386d4150d6569383dd5516eec58b740afa11331f3c7f5f8ed440862fe1a024b165f25d1907d12fdccd8e7761ba0db7419320ef712aed56dcf33261994a28119bbba157d0dd1c091a1206a99b022c33708cf0b2a3f3107f90aa3d1ba0f166cde8eeddbf5853d38fd84498dac7fe0c6f733e81341ca150b23a241405688a72147b071de38b839951ba3665d97235a7009d3271af271653c5fa5b0469f059bf5d44f1ef69ce68248291acc3148ebad72cacdc2d67d1660b39efc42d8731a4f4a72717630df73a2b62f474531627ee02b44ef8b685088c6da637051af68a84adf2b91a1f069088e6c9c87716e4ee542cdac2b96cbbf648220088220de02d55f34308a6eaf46673eab5eab174673e351657089113ef323f6b92ec6046a1a711ce59e845a2303c1bda0ff4bd1507c67a9fcb41da72508cf539f139521ed90dcc06fb3fa7ee54583381c33b9af78dd31d06dba1811b39bb0b4b530325068f95b140d9c62dc5bd74d70b11235f1c615e501fd257158d586c599f7c3d10ced796029f2136fe1cea3341470fbb8281a0b1d59da3aa3714eab8ab22c3f0ce31bcb0d890659297293ef21ea6e2633eb95c850947c014bba7251a97405d2271a4a10b7aa0d8b3347bfa319e5824781343f11b7ee3c429a5049c3a2a1246e15dab0f69bf73b0adda6e623f1d61d3c4a2b6025285dc7ea60cc79ed2f2e1b6786bdc3ef69d0a642d15095be97a1343719f7a2ee2253ad6b6445c9b8b0a42bcc58dfd79b7c4d114b10044110c49be69d100dec8fb8b3ba0b4cb8512a84f259dabcab5360c7e22c3df66b6e4c95a6e3e4383edb6c818147d39889caa2fe43d1907f61146ab1cf7c53b58627bbe409f6b8c98f4c55ed7f287b863ddd58b9353ccacbd5995dcfc3d5297c3f87253cf66bfa8b4bd34f621c37d62c06e2689ad0f2b72c1a18c577b05ad8b82e82e3ec60c8759172e65c84ce6bef6a9cce24cb0d926f841675c626e1789c62dc5ad28a7d3647cf4df7cad3ca0a11bb5abee7c3a068c80dc418bee9b6c9b708d5e85cb162ff802d260a1b3fcaf06c4f37f6b9063cd4faa138e60761ef8ba8f35adcd5ac248284cdb8acfe9bf8294f8645032b043f3493b767ad6621c80d926f841675de249c04248e98237cb61a7010c2561d0565c9bfc3c39297f1a18886aaf47d2e02c7f08df24df0ade6970c71e45cf94673c581050441100441bc79de11d1c02862466917e591946aae1d92241cf0941fefd864e8321cba10861b57fec2da71ad0543d3bcc77a9531f25f8a86b2a4bd70e5ef3030ef8239874270efe17d4405eec70f03cbdf17a1dcf029b85d7970bf770b7499b800ffdb1385dc325d971c49d201780a2fd26a82a1cb0ee142d80d5cf96b2dc6b5e6c7799aa3c77aa5a1fe2f880686386629da0a6d6985efc3e5869d34dd0f93f82660910dfaccd98533413770dd6f2766f6b0667122384cbf886cc514b32cfb0abe6dc9d35aa0ed88d9f8dfeaa59839b435cc15fd63d83d891f67cb8f5215c1ce63110e9c0b4554c4359cd834091ff315aa26deb8ae387027fba487509e45978958f0bf3d88ca65176702d36f12df942d824d9f39d875260837aefb61e7cc1eb016ae3b1d17854a1a110dac8fd3fd26091b7745367d3067d71904ddb80ebf9d33d1c39ad7d501d32f66cb67d3cb5ee0d8e87ac2f53ef25c06df735771fed0720c6bccd3f150bd4443c1b52968ccea65f5e99f48577c5795a212a2a1f27dcfbee5f0f968cee3ec3cb0e8c039844645e0da894d98241c55db04deca2f99200882208837cebb231a184577d6a00b3702b5fcc16585f7e1e3eda2b511b53e5ca6ec4494dacba1fe4bd1c05d3112fffc1a1d2cd4eb5803cd062f815fcc5ff0e4ee376dd741de2c29b2af2e4417e1f84d161ce622b2505734b01aa1f0be0fbc5db43693d677c1949d516a2f4efb7744032b0ce10bf96a014be7f413a215a720953c3d8105ee9a2fcde347abf6fdee049e6a9dd82449bb828d135cd044987137816d3b2ffcefd89f18cfebd87c316ef13aea880646d1031c9ad64de7c579f55ca6c337be7c93ac34fb2a160aefb1e07f77c0dc4885a22c798a130bdc05e3583dbf7ddfef7042554963a2815382a72716c05d65fc2b827d5f7c77e2a97c154981acf01e7eff5af3457f76fd9660fbd77c76bd7a8986aabddc4d8dca88064ea5fa9e53840787a6a11bdf27a39eb69e0ba6fbc6abbdd59d2008822088374df5110d6f0069e173c44586222c3a012f0a0d5ab6ff29b2929778181d8ae01bb1789c552e7cf4212bc946f2e344a4e494a88c5efd4851f83c0e91a161884e7881ead974194a321e22262c18a151f148136b57528a82b474e4ebb39573cfc2938badaebb50912d5d56f002f7a358ff8645233ed5c0893ab21264273f46624a0e4ab412c84a32f030260cc1a151884f13b35abd02acfc8c8731080b0e45547c1a749aaa4669ce53dc8908476c221d1f5ae9be2f2bc08bfb51080d66f77b7c2a890582200882f81778af4403f12e938bb3432c203275c176f5976830d331ed9f51c24c77e36fc315ee5b044110044110c4bf098906a29a204586e2cdcf26cd8761fec6bd3878700f36cc1d22df285b6b207e7bf2a1cfc5130441100441fc37906820aa0fb202c4f97e8b7ecd2dd57cd66ba1d580f9f833beb002172d822008822008e26d41a281a896480ab3909e9e05f17b70f2284110044110c4bb0e890682200882200882208c42a2812008822008822008a390682008822008822008c228241a0882200882200882300a890682200882200882208c42a2812008822008822008a390682008822008822008c228241a0882200882200882300a890682200882200882208c42a2812008822008822008a3541fd150180cef1696303737d70c16b560dbc409ae637ec4e1db79902a92578d3224eded0b9b9a4d30e152be228ea8961425e2d4ffc6a0bb436dd430a909db662e18fbbfbf713f5fa6485045f22f627ce39ab06a3317e162455c65294bc2debe36a8d964022abc6d6405b87f743146bb34838db90822532bd8b7f380f7afa1c82c53a4512145cecdbdf0766f0d5b96d6c4c20e4e1e33b0f7668ef1fbbb300a4bdb5bc0fe8bab2850440948d370f21b37b8b8b8180e3d8760f9cdaa76405579c576a921cdb989bddeee686d6b0e918905ec9c3c3063ef4de4e814f0fad72208822008a2f2541fd1507015136d99b125aa0d27974ff0c9273cf4420fe78e68d5a0068be78658272c8d2c40d5cd47099e6cebc4cab0c4f073798a38a2da51741fbfb85b0bdfb579ebc198faddf79831aa0b6ab3cfa61d16e27af62b9883b901186ac1ee9d065f23a450115759244fb0ad13cb6b391cc66f9b42c4acea8e1afc1e6ddc1793172cc3f245df60504bf97deb382d00196a552f8c5909e71abcdcf61839e7272c99e50527416874c23243f777f163f88c6928946733fe0a34344c5932f6f7ab0f4b4b4bdd60612a1f3ba246f00e7bbba2e195daa54e610c563af33eb344fb9173f0d39259f07262e241648a4ecb2251a056c06b5f8b20088220882a51fd4443ed31b8a83dab2b2bc09d6dfd61cd8c1f33d7fd78a633735b11241aaa3f123cddfd896078d7f5fc0d09458a68169ff2f7043460f10eb3423567d82bc3bf201aca92f7e2133396aef95c5ccf513357c5b7b0a61b37da5b60516cb13c4e92881d3d785c07acba556ec48b6faf453753114c9cb7e061a9225241f1d33358d4bb36cbc3aec1828e6830480912b6bbc182e5693ef32232dfe614fc2bb44b13091277f48029ab6b8755b7a02a417c1b6b791f9a38638bb280d7be16411004411055e5dd100d9cfc4b185b97fddd7622aeea588e52143ebb85ebe7fdf0cf3fa77121fc21b2348c0663a2a1a2bc0c69317232329055c8d54a19f21e87e3c2693f9c0b8947a641e3a4149909e1b874e614ce5e89c533b181b9cfd24c248406e2f4a9b3b812f30ce2aa1a76d2423cbb751de7fdfec13fa72f20fc6116bbb21ea4f948ba7919674efa21e06a0c920baa7821591152ef06e19cdf29f85f8d458a4e7ba428cec940465621eb21d64b798f117ee134fcce8520de702795234dc1fe1edc286e8b75095ae94b1f62633bf6b7bae370b1aa9a4f8f689016652323fd25f24ab5da202b45decb74646417c95d5c2a251a64c83cee0e336eec6e7eccee34756448f3ed2918face7b9f0931a50f36a23dfb5c73c0df78a971f91c048ce2c2a00d56c59528e24a9178702c9ab1f422911ddca70c833dfbffca8a0671f43274e0793bac809a6d5d354af39199c1fa24a7d8e8ec7dd5daa587d207d8d89ed5b5e600fcad590072024609ab4d6d56c53119f406ae45100441104495796744832ce33806d4647f6fb30ae5f6800ce2781f7ce36c2318661ac1a627169c4b170c58fda2a1b2799991f97c1fbab378c7593ef8796453cdb4f5dcb03c385bcd8f5a86fc5b7bf06597ba9ae9ccdb60e2be3894dbda457878d81bdd6aaba561c1b4f9086c0aaf845fb64c8c789f6fe06ca3999f079b9e0b702e5d597b19f2a23661a88376bafae8b3e83cd294c90c22454ee4368c73aaa999dfb419bcd687204b5951e973ecebcee21d67c1e7e79168aa9e56540f6ecb8361d4bba838063f3463699930b8acf3fde72160a8052ba71596dda9a231a8231a8c08c8bcf3f0b262693b6e4522b7fe2bb9d2202bce44d2fd5b88cfd2ee4c091e6fee20f441cf832f8498ac7f3c84d5948e5b13b504861429bf7567694de0fa67ba22ae1061333f86a3fb5cf8c4e6407c77395ab3bc95120d25f7b1a19b89d067df4754797d4645fe95f1b0e1df610f5fa419510d556b971eb2fe8107773752f6bd1ad294df84f167e2fa27d2591d5efb5a04411004415499ea271aac87e3447216b2b2142123050f6e1cc7f281f59931608b51479fab8c791486633e3734454d316eab3f22ef3fc2c33bc138b662081a7243c77eba6143b1d279b93d2c170ddcf833731c8ea507fd713df81cf6cded092b1edfec7b442bdc69ca52fec470be22c28cb5f19bcfe266c203c4046cc298a63cce01df867073af0c6927c70b2e37a21663b1f1cc4d3c781c87e0c33fc08de7b5e88bed15f8571486cf97cf40371d87adfe91b8ffe821ee041fc38a2172bf77fbe921cce4648823318f5fbb6e7f2c3f118184274f101f7a18f3bb73116083b1fe594667904b12b6a0b7e02bce44cf9633ac9fe21113b80bd3bbf0fc66705e7d5bee4aa2140dbc4e668e18bef420fcaf07e3dcbeb9e8c90d7151337cafec247d94c6638d134b673e0027b214714aa4a9f0e9c5cbb0c1e7ba8ac238ff826830842c2f047384efbd337e7ec0bfcf5224ac73629f6b62f0d95c792235f20247082e782d96dc56c4c8505a58ac129025f72a2b1acaf0eca0072c59da86532f41dd63aaaa1486cd43e7460dd07ce409ad597d75aada2e5d4a13d6c189a5a939f82c744ac80bc4086bd68f2d96e076f1eb5f8b2008822088aa530d37421b0a66e8b23814b96a864b51cc4fe856c71c4d6785c90d6425b2341ceec37d9e3b61db132e31740dc5cae755130de66ed89fac369b5cf6143bbaf2ba75c496c7dcca2c46eca2e6ecb339dc7e4bd2980515477e27ccbedb4d66065f712c7e6cc1f259f4c7efeae531f24367c381a5b39d7041d778525184989fbaa18e7953cc0ad3a83dabfe61f431656577da065e7dc9936de8c4cab3197709ea766f49c22e4c1e3a16df1f4fd2efcec49165c37f741dd69e3af8ec586ab95863c8b22e60aa3d6fc3401c496566ad4a34b0b6ef4f564b5b86a73bbab278113a6ed176df51a70041531b08f95d773cd2a85349c266b8f036892c3034c070afe8e5bf120d92673836a191d06ec759d714867b11a217f0952a1b8cbfa26bf617044d417d96fea359e18a184d2a2d1a98209ec357966af4c6eea7867bfccdf17aede214452f10c687deb61504614a7dd69e8f66215cfcfad72208822008a2ea5443d1d0181e13bec4975fcac317933ec7c8012e70e0b3dd22533879fbe185a69dad4959019edf3e83a55db9e1ef84b5f1dcfc346228aaa337af9a68e8ba0b9a367e3e2e8fe36e480ab719c9636ceec08db57e38a63d2d2b2b46768e7cd6b8347e8d30ab6adeff18d24a259048d4426e30a67363bcd10cdca8a21f7a59c173dc3eb3145db981edb41642f57303314e70616a884f67fe8ca3410f9153593bb230085fd9b1bcb693f4ec23e102a9192bd70ac3fd9921af120d5db14b5b085d1e87baacbdad96dd117cd20d51fa701bfa701734517db8cfdd81e30101f87be77cf46b600a2b3b7eaa8e353e3b5f45ebfdbf100d254f7064b223bb86087507ee409c6a81a50851f31d58bc2d265dd375192a0cfe5a587d6a382d5411a349e544830c2f4f7aa1164b576fe285d75a65a83cafd72e4e51d47cb9589e744d77b37b6130be6ec0be8786d3105af8fad72208822008a2eabc337b1aa45957b180bbaf88ea62ccd972ff1559fe7d9cfa7936c67ab8c0c9c116e6cc60285f9d70c21a23a2a17279cb4583a9fb29e408314a0a70fd8b7a2c6d0b2cb95dcc2c965085c1ef0d63a75b165c9d085b8d6be90935fae394e6c5b49021fffe29fc3c7b2c3c5c9ce0c0cfb557cfefb4462e1a58db9f9f9c814edc705695dd18ce5eb3b1f55ca2da1e0b3d641d475f1396befd263cd2233432ff7215caebba2b19654ad160eaae53ef82eb5fa01e4bc75d4614670819408acca0d518f4915a5d4575d0cddb17e75670979406f846e9335659fe65d120cdbe81f51eb642dd1b7eb61b711a1d5c827bcb5bb3bf596344a06e81f997e4e2ca7161b42246934a8906e90bfce1ceef0507cc8b32e20ef64679bd7671946db31e11a8b12226907f09e3b8db9ee3424417bdfeb50882200882a83aef8c68e04672aa6f2fc118b39b1a2cc494a59dc6544796871b1b2d7a61e8c499f871fd6f38111283bf8658b278c3a2a1f279cb4583597f3fe3a2417c03331ab132eda723d4886dabdc5c6add6701366fdf8eedfac29ed37862705abe0c69a7a7c29195c18da716bd8662e2cc1fb1feb7130889f90b432c59bc4a34c891153e45c8918d9837ce0d4e2a373033745d1eade99ea54ef649f4e34789b6db00c1255f0319320ecbbf8f6e7b9e41aa140d66fde1f7caa24141591e1223af20f05218ee67f04ec8c7256145a723b66aef9255a7ac102f9f67a048dd4ecff58727170d0da7e9888661015a46274b3b84af74bca26828797204535ab2f4ac5f3b7c7b1a293a559521ed90bccf7af8a4b24feab0fe3ce20a13de9fbb9315719a544634c8d28fa23f5f956bf603622ad5d96f82d76b1747967608bd581a510f1fa46a095959c611b872f1da6d3792cb5eff5a0441100441549d7748344891b2cf453016e4a2a1187796b6143e3b2d09479ebaf5204bc32161e36c1bacbeaf4f3454256f15448324516e649ab9e1083fe6459d9204fc367332bcd75d40d29d5568c3ca33ef7714195ac9f8d1a889b7eee0515a81c61e020d8aef60a9609c3a6149789e86e1a432bedaac06afbeac3417c9f7a27057fdb5c4b222245f5882ae5c10d49b0c3d5e1e72c4e198c967fdeb8e41a0ce5602312266376175a885917cc6f7b545831439715770eaf83924a8bfc58b238ec09c26acecc6dca75d11a74dd9136cefc2d25879691af8597fc38d1b9c4d17e0a630f15e86a7bf7661f5ae010fad8a4a9fef870befbb57100d2589073192bbd088eac3f39758187a81b5d277bf01bb8735c59a1861de7c0f84e197b0554634e49e971f4fda785678f9bb0efe055ea75d0245d158c0378d37988a602d152b0ef34623567623ef30a14daf7d2d8220088220aacc3b231acad203f1ad6028d7c6677e992c261f1746d5629f6d3151cbe15ef2640fdc04df78e5119ddaa2a12a79ab201ab89bc68a36ec730d7cf2abe6a65f71d4f768cecaa833ca1fd962c5f1a2a2ce587b57dd854486dc20f9466851e74d865f50957f01a36ab1343aefac60eddce3869a3c7fab65e0d5cf0d1c833aec73936fb55e8c268ec45cbe5956ef7b2f94e4e1ea143b564f4b78ec7faad11e69fa498ce3df97c5401c4d53db08fdcaa2819f8ad3965dcb1a9ec7d35527067123ffd9214fc147bfe58fb146f267e3f4107e2c6b63cc0c296f50deb569c2bb0d4c7afb82efd7e67dfcf2681f61365a738f850449fb3e95bba85555341444e047c175ce0ea37d9f18ddb7c185d86c2e806cc7c24fed35d1d24c7f4ce49b7deda723d8c0f751b1682846cc0f7c9f8925869dd5fa12de36afd12e3962840b22d41663fd32cabf7f6926fc27f293d3ec315d59c06b5f8b2008822088aa520d3742dba187a717bcbc94611806bb75823d9f2d660693b5c74e3c128ce93224ed7515ce6b37ef32078742eee1e1fd2804eeff0103b98b1037fe448d3043d84dac2d1aaa9297dbc395150d2c6dc6597c29f8e43bc06bc59fb814168c80dfbf477f6ecc9875c39abb3c9d14e97e9304635664d30773769d41d08debf0db39133df8d1922ceff48bd95aae176a942561af2bdf186c8e2e730e21e4de43dc8f0ac4fe1f060a33b242fd951ba9f9d1b2cd799c1d3c161dc0b9d028445c3b814d933e160ce726ded7757dc8d590241d80671d9ebf09862e3b840b613770e5afb518d79a6f1637478ff57721c89e37e09e2449da8ffedcb5aaf62798bb2f00c1a1177178c508b91b96a3372eaa5e0aa10f19324f8f91bf53c0a627a6fcb416abbfff1c5d84e35ead31f870f951bd92c41de8c1378b9bb4c298550771e2e4616c9dd31f1fd5b010fce1ab261a2478bccd45e84b91b913fa0f57bf7795610ce69f4851a54ff61922ac0698779e8e9dfec10809d88d19ce5cf05863d001cd53b7d4a9583464e26f7733568e936a95ec7529b836058dd935ad3e95bf23c1305569572182a739b03eb3441f1ff9fb2b3892641f0ce1ef2d31ef8ce93bfd111c1280dd339c85375a5b0f3a80245501afde870441100441bc1ad55034e80b1668e0e48e296bcf2251dd61bd24117f7edd41302a54696b34c3e0257e88f9cb53788742db75f12ca1b668a84adeaa89064ef193bf31d7951f1faa56b6c360acba92a1325cf9aac4d3130be0de582d0d0ff67df1dd89a7c667ab1925897fe2eb0edc482acf5ba3d9602cf18bc15f9e56ec735bac536c6a287a7008d3ba69bfc4ae1e5ca6fb22dee84e688e0c85f77de0ed22dfdcab0af55d30656714729476fc1bd9d320c5cb6bab3090cf22ab5dabb1c762f8a754c2089666e2da8afe7231a60c664d3168c515bcd4f0f52ac2039f29e820080a45b06686eac17358d996fd7f554483ca9dcd78f878659c220343968ba8ada3d092bfcc4c99c6c411c337dc30fa02bc0a4583e41136f1b72a9bbae1385f8c7b0354f6e56e02956e9772dc88d07ddf73451c4786dca8ad18d5920b62651926701cbe0137b43be615fb90200882208857a3fa888657468692970f111d1a8c1bb18f9155a509d6d7c95b1152885fc4213234049171a9864f29929520e3610cc2824311159f0671550c1e96f7e5c3688406df40ece32cc3ef5b102843c18bfb88626d0d8b8e476a8562411b290a9ff3f684213ae1050adfa6612615e3455c04824322713f555ceeaa5249a40529b81b1e821b310f915e6ca49da5d9781c13c6fae321322b52696f0159713a126e862224228e7d1fef8fa5fbdaed9215233de1264243221057c1f7ffbef621411004415437de03d14010044110044110c4db84440341100441100441104621d140100441100441108451483410044110044110046114120d04411004411004411885440341100441100441104621d140100441100441108451483410044110044110046114120d04411004411004411885440341100441100441104621d140100441100441108451483410044110044110046114120d04411004411004411885440341100441100441104621d140100441100441108451483410044110044110046114120d04411004411004411885440341100441100441104621d140100441100441108451483410044110044110046114120d04411004411004411885440341100441100441104600fe3ff4e2fd35904b725c0000000049454e44ae426082, 'image/png', '', NULL, NULL, 1, 2017, 'account info.png', NULL, '', '2018-03-01 12:19:31');

-- --------------------------------------------------------

--
-- Stand-in structure for view `questionbank_v`
--
CREATE TABLE `questionbank_v` (
`QUESTION_ID` int(5)
,`SCHOOL_ID` int(4)
,`SCHOOL_NAME` varchar(50)
,`SCHOOL_DESC` varchar(100)
,`INTERMEDIATE_YEAR` enum('1st','2nd','3rd','4th','5th','6th')
,`SUBJECT_ID` int(5)
,`SUBJECT_CODE` varchar(20)
,`SUBJECT_NAME` varchar(50)
,`SUBJECT_DESC` varchar(50)
,`ACADEMIC_ID` int(2)
,`ACADEMIC_NAME` varchar(50)
,`ACADEMIC_DESC` varchar(50)
,`QUESTION_DESC` varchar(50)
,`QUESTION_FILE` mediumblob
,`ANSWER_DESC` varchar(50)
,`ANSWER_FILE` mediumblob
,`QUESTION_TYPE_ID` int(1)
,`QUESTION_TYPE_NAME` varchar(50)
,`QUESTION_TYPE_DESC` varchar(50)
,`QUESTION_YEAR` int(4)
,`USER_NAME` varchar(50)
);

-- --------------------------------------------------------

--
-- Table structure for table `questiontype`
--

CREATE TABLE `questiontype` (
  `qt_id` int(1) NOT NULL,
  `qt_name` varchar(50) NOT NULL,
  `qt_desc` varchar(50) DEFAULT NULL,
  `comments` varchar(50) DEFAULT NULL,
  `injected_date` timestamp NULL DEFAULT CURRENT_TIMESTAMP
) ENGINE=InnoDB DEFAULT CHARSET=latin1;

--
-- Dumping data for table `questiontype`
--

INSERT INTO `questiontype` (`qt_id`, `qt_name`, `qt_desc`, `comments`, `injected_date`) VALUES
(1, 'mid sem', 'mid sem exmas', '', '2018-02-25 12:39:36'),
(3, 'Re-midsem', 'repeat mid semester exams', 'students missing out on midsems  and the one''s sco', '2018-04-28 15:19:34'),
(4, 'End sem', 'End Semster Examination', 'Out of 60.', '2018-04-28 15:20:15'),
(5, 'Supplementary exam', 'Backlogs', 'students who could not appear for end sem and the ', '2018-04-28 15:21:49');

-- --------------------------------------------------------

--
-- Table structure for table `school`
--

CREATE TABLE `school` (
  `school_id` int(4) NOT NULL,
  `school_name` varchar(50) NOT NULL,
  `school_desc` varchar(100) DEFAULT NULL,
  `comments` varchar(100) DEFAULT NULL,
  `injected_date` timestamp NULL DEFAULT CURRENT_TIMESTAMP
) ENGINE=InnoDB DEFAULT CHARSET=latin1;

--
-- Dumping data for table `school`
--

INSERT INTO `school` (`school_id`, `school_name`, `school_desc`, `comments`, `injected_date`) VALUES
(1, 'CSE', 'School of Computer Science Engineering', 'Offers B.tech and M.tech courses', '0000-00-00 00:00:00'),
(2, 'ETC', 'School of Electronics Engineering', 'Offers B.tech and M.tech courses', '0000-00-00 00:00:00'),
(3, 'IT', 'School of Computer Science Engineering', 'Offers B.tech and M.tech courses', '0000-00-00 00:00:00'),
(4, 'LLB', 'School of Law', 'Offers 3 years course for law', '0000-00-00 00:00:00');

-- --------------------------------------------------------

--
-- Table structure for table `subject`
--

CREATE TABLE `subject` (
  `sub_id` int(5) NOT NULL,
  `sub_code` varchar(20) NOT NULL,
  `sub_name` varchar(50) NOT NULL,
  `sub_desc` varchar(50) NOT NULL,
  `school_id` int(11) DEFAULT NULL,
  `y_id` int(11) DEFAULT NULL,
  `comments` varchar(100) DEFAULT NULL,
  `injected_date` timestamp NOT NULL DEFAULT CURRENT_TIMESTAMP
) ENGINE=InnoDB DEFAULT CHARSET=latin1;

--
-- Dumping data for table `subject`
--

INSERT INTO `subject` (`sub_id`, `sub_code`, `sub_name`, `sub_desc`, `school_id`, `y_id`, `comments`, `injected_date`) VALUES
(1, 'CS-1234', 'DSA', 'Data Structures', 4, 2, 'sgdjd', '2018-04-28 06:20:32'),
(2, 'EC-2003', 'Signals and Systems', 'About Electronic Signals ', 2, 2, 'Core subject for ETC', '2018-04-28 15:15:14'),
(3, 'CS-3002', 'Compiler Design', 'Higher version of Finite Automata', 1, 3, 'good', '2018-04-28 15:16:12'),
(4, '2BL517', 'Family Law 1', 'About family issues', 4, 2, 'Helpful for one''s willing to join family courts', '2018-04-28 15:17:16');

-- --------------------------------------------------------

--
-- Table structure for table `user_activities`
--

CREATE TABLE `user_activities` (
  `id` int(11) NOT NULL,
  `date_time` date NOT NULL,
  `user_id` int(10) NOT NULL,
  `action_name` text NOT NULL
) ENGINE=InnoDB DEFAULT CHARSET=latin1;

--
-- Dumping data for table `user_activities`
--

INSERT INTO `user_activities` (`id`, `date_time`, `user_id`, `action_name`) VALUES
(4, '2006-04-18', 60, 'A new degree <b> MBBS </b>\r\n                          was added in school name - <b> \r\n                          and description <b>  </b>.');

-- --------------------------------------------------------

--
-- Table structure for table `user_info`
--

CREATE TABLE `user_info` (
  `user_id` int(4) NOT NULL,
  `school_id` int(4) DEFAULT NULL,
  `name` varchar(100) DEFAULT NULL,
  `email` varchar(100) NOT NULL,
  `password` varchar(50) NOT NULL,
  `is_admin` bit(1) NOT NULL,
  `is_superUser` int(2) DEFAULT NULL,
  `is_student` tinyint(1) DEFAULT NULL,
  `injected_date` timestamp NULL DEFAULT CURRENT_TIMESTAMP
) ENGINE=InnoDB DEFAULT CHARSET=latin1;

--
-- Dumping data for table `user_info`
--

INSERT INTO `user_info` (`user_id`, `school_id`, `name`, `email`, `password`, `is_admin`, `is_superUser`, `is_student`, `injected_date`) VALUES
(60, 1, 'admin', 'admin@mail.com', '21232f297a57a5a743894a0e4a801fc3', b'1', 0, NULL, '0000-00-00 00:00:00'),
(77, 3, 'admin_vc', 'admin_vc@mail.com', '3bc8edfaea1a39f21d044bffa6157bc1', b'1', 0, NULL, '0000-00-00 00:00:00'),
(78, 1, 'super_cse', 'super_cse@mail.com', '3889fc3ce04e813ac6f9ea2002b841cb', b'0', 1, NULL, '0000-00-00 00:00:00'),
(79, 2, 'super_etc', 'super_etc@mail.com', '494e80a31ab924cc955e52190bdc9c31', b'0', 1, NULL, '0000-00-00 00:00:00'),
(80, 4, 'super_llb', 'super_llb@mail.com', 'f09fb4df5167fa522d5f3952b1b46aab', b'0', 1, NULL, '0000-00-00 00:00:00'),
(81, NULL, 'nk1', 'nk1@hgjh.com', '71b37739883f2e3059b5c465e5b85f2e', b'0', 0, 1, '2018-04-29 06:23:39');

-- --------------------------------------------------------

--
-- Table structure for table `year`
--

CREATE TABLE `year` (
  `y_id` int(1) NOT NULL,
  `y_name` varchar(15) NOT NULL,
  `injected_date` timestamp NULL DEFAULT CURRENT_TIMESTAMP
) ENGINE=InnoDB DEFAULT CHARSET=latin1;

--
-- Dumping data for table `year`
--

INSERT INTO `year` (`y_id`, `y_name`, `injected_date`) VALUES
(1, '1st year', '2018-04-28 05:44:34'),
(2, '2nd year', '2018-04-28 05:46:57'),
(3, '3rd year', '2018-04-28 05:46:57'),
(4, '4th year', '2018-04-28 05:46:57'),
(5, '5th year', '2018-04-28 05:46:57'),
(6, '6th year', '2018-04-28 05:46:57');

-- --------------------------------------------------------

--
-- Structure for view `questionbank_v`
--
DROP TABLE IF EXISTS `questionbank_v`;

CREATE ALGORITHM=UNDEFINED DEFINER=`root`@`localhost` SQL SECURITY DEFINER VIEW `questionbank_v`  AS  select `questionbank`.`q_id` AS `QUESTION_ID`,`questionbank`.`school_id` AS `SCHOOL_ID`,`school`.`school_name` AS `SCHOOL_NAME`,`school`.`school_desc` AS `SCHOOL_DESC`,`questionbank`.`intermediate_year` AS `INTERMEDIATE_YEAR`,`questionbank`.`sub_id` AS `SUBJECT_ID`,`subject`.`sub_code` AS `SUBJECT_CODE`,`subject`.`sub_name` AS `SUBJECT_NAME`,`subject`.`sub_desc` AS `SUBJECT_DESC`,`questionbank`.`ad_id` AS `ACADEMIC_ID`,`academic_degree`.`ad_name` AS `ACADEMIC_NAME`,`academic_degree`.`ad_desc` AS `ACADEMIC_DESC`,`questionbank`.`question_desc` AS `QUESTION_DESC`,`questionbank`.`question_file` AS `QUESTION_FILE`,`questionbank`.`answer_desc` AS `ANSWER_DESC`,`questionbank`.`answer_file` AS `ANSWER_FILE`,`questionbank`.`qt_id` AS `QUESTION_TYPE_ID`,`questiontype`.`qt_name` AS `QUESTION_TYPE_NAME`,`questiontype`.`qt_desc` AS `QUESTION_TYPE_DESC`,`questionbank`.`q_year` AS `QUESTION_YEAR`,`questionbank`.`user_name` AS `USER_NAME` from ((((`questionbank` join `school` on((`questionbank`.`school_id` = `school`.`school_id`))) join `subject` on((`questionbank`.`sub_id` = `subject`.`sub_id`))) join `questiontype` on((`questionbank`.`qt_id` = `questiontype`.`qt_id`))) join `academic_degree` on((`questionbank`.`ad_id` = `academic_degree`.`ad_id`))) ;

--
-- Indexes for dumped tables
--

--
-- Indexes for table `academic_degree`
--
ALTER TABLE `academic_degree`
  ADD PRIMARY KEY (`ad_id`);

--
-- Indexes for table `feedback`
--
ALTER TABLE `feedback`
  ADD PRIMARY KEY (`id`);

--
-- Indexes for table `questionbank`
--
ALTER TABLE `questionbank`
  ADD PRIMARY KEY (`q_id`);

--
-- Indexes for table `questiontype`
--
ALTER TABLE `questiontype`
  ADD PRIMARY KEY (`qt_id`);

--
-- Indexes for table `school`
--
ALTER TABLE `school`
  ADD PRIMARY KEY (`school_id`);

--
-- Indexes for table `subject`
--
ALTER TABLE `subject`
  ADD PRIMARY KEY (`sub_id`);

--
-- Indexes for table `user_activities`
--
ALTER TABLE `user_activities`
  ADD PRIMARY KEY (`id`);

--
-- Indexes for table `user_info`
--
ALTER TABLE `user_info`
  ADD PRIMARY KEY (`user_id`);

--
-- Indexes for table `year`
--
ALTER TABLE `year`
  ADD PRIMARY KEY (`y_id`);

--
-- AUTO_INCREMENT for dumped tables
--

--
-- AUTO_INCREMENT for table `academic_degree`
--
ALTER TABLE `academic_degree`
  MODIFY `ad_id` int(2) NOT NULL AUTO_INCREMENT, AUTO_INCREMENT=13;
--
-- AUTO_INCREMENT for table `feedback`
--
ALTER TABLE `feedback`
  MODIFY `id` int(11) NOT NULL AUTO_INCREMENT, AUTO_INCREMENT=3;
--
-- AUTO_INCREMENT for table `questionbank`
--
ALTER TABLE `questionbank`
  MODIFY `q_id` int(5) NOT NULL AUTO_INCREMENT, AUTO_INCREMENT=15;
--
-- AUTO_INCREMENT for table `questiontype`
--
ALTER TABLE `questiontype`
  MODIFY `qt_id` int(1) NOT NULL AUTO_INCREMENT, AUTO_INCREMENT=6;
--
-- AUTO_INCREMENT for table `school`
--
ALTER TABLE `school`
  MODIFY `school_id` int(4) NOT NULL AUTO_INCREMENT, AUTO_INCREMENT=5;
--
-- AUTO_INCREMENT for table `subject`
--
ALTER TABLE `subject`
  MODIFY `sub_id` int(5) NOT NULL AUTO_INCREMENT, AUTO_INCREMENT=5;
--
-- AUTO_INCREMENT for table `user_activities`
--
ALTER TABLE `user_activities`
  MODIFY `id` int(11) NOT NULL AUTO_INCREMENT, AUTO_INCREMENT=5;
--
-- AUTO_INCREMENT for table `user_info`
--
ALTER TABLE `user_info`
  MODIFY `user_id` int(4) NOT NULL AUTO_INCREMENT, AUTO_INCREMENT=82;
/*!40101 SET CHARACTER_SET_CLIENT=@OLD_CHARACTER_SET_CLIENT */;
/*!40101 SET CHARACTER_SET_RESULTS=@OLD_CHARACTER_SET_RESULTS */;
/*!40101 SET COLLATION_CONNECTION=@OLD_COLLATION_CONNECTION */;
